"Title","Skill","SlotLevel","Rarity","Price","Description"
"Attack Jewel [1]","Attack Boost","1","Rarity 3","150 z","A decoration that grants the Attack Boost skill."
"Attack Jewel II [2]","Attack Boost","2","Rarity 4","200 z","A decoration that grants the Attack Boost skill."
"Attack Jewel III [3]","Attack Boost","3","Rarity 5","250 z","A decoration that grants the Attack Boost skill."
"Guardian Jewel [1]","Offensive Guard","1","Rarity 3","150 z","A decoration that grants the Offensive Guard skill."
"Guardian Jewel II [2]","Offensive Guard","2","Rarity 4","200 z","A decoration that grants the Offensive Guard skill."
"Guardian Jewel III [3]","Offensive Guard","3","Rarity 5","250 z","A decoration that grants the Offensive Guard skill."
"Guardian/Blaze Jwl [3]","Offensive Guard","3","Rarity 7","350 z","A decoration that grants the Offensive Guard and Fire Attack…"
"Guardian/Stream Jwl [3]","Offensive Guard","3","Rarity 7","350 z","A decoration that grants the Offensive Guard and Water Attack…"
"Guardian/Frost Jwl [3]","Offensive Guard","3","Rarity 7","350 z","A decoration that grants the Offensive Guard and Ice Attack skills.…"
"Guardian/Bolt Jwl [3]","Offensive Guard","3","Rarity 7","350 z","A decoration that grants the Offensive Guard and Thunder Attack…"
"Guardian/Dragon Jwl [3]","Offensive Guard","3","Rarity 7","350 z","A decoration that grants the Offensive Guard and Dragon Attack…"
"Guardian/Handicraft Jwl [3]","Offensive Guard","3","Rarity 7","350 z","A decoration that grants the Offensive Guard and Handicraft skills.…"
"","","","","",""
"Guardian/Ironwall Jwl [3]","Offensive Guard","3","Rarity 7","350 z","A decoration that grants the Offensive Guard and Guard skills.…"
"Expert Jewel [1]","Critical Eye","1","Rarity 3","150 z","A decoration that grants the Critical Eye skill."
"Expert Jewel II [2]","Critical Eye","2","Rarity 4","200 z","A decoration that grants the Critical Eye skill."
"Expert Jewel III [3]","Critical Eye","3","Rarity 5","250 z","A decoration that grants the Critical Eye skill."
"Critical Jewel [1]","Critical Boost","1","Rarity 3","150 z","A decoration that grants the Critical Boost skill."
"Critical Jewel II [2]","Critical Boost","2","Rarity 4","200 z","A decoration that grants the Critical Boost skill."
"Critical Jewel III [3]","Critical Boost","3","Rarity 5","250 z","A decoration that grants the Critical Boost skill."
"Draw Jewel [1]","Critical Draw","1","Rarity 3","150 z","A decoration that grants the Critical Draw skill."
"Draw Jewel II [2]","Critical Draw","2","Rarity 4","200 z","A decoration that grants the Critical Draw skill."
"Draw Jewel III [3]","Critical Draw","3","Rarity 5","250 z","A decoration that grants the Critical Draw skill."
"Blaze Jewel [1]","Fire Attack","1","Rarity 3","150 z","A decoration that grants the Fire Attack skill."
"Blaze Jewel II [2]","Fire Attack","2","Rarity 4","200 z","A decoration that grants the Fire Attack skill."
"","","","","",""
"Blaze Jewel III [3]","Fire Attack","3","Rarity 5","250 z","A decoration that grants the Fire Attack skill."
"Blaze/Guardian Jewel [3]","Fire Attack","3","Rarity 6","300 z","A decoration that grants the Fire Attack and Offensive Guard…"
"Blaze/Crit Elem Jwl [3]","Fire Attack","3","Rarity 6","300 z","A decoration that grants the Fire Attack and Critical Element…"
"Blaze/Handicraft Jwl [3]","Fire Attack","3","Rarity 6","300 z","A decoration that grants the Fire Attack and Handicraft skills.…"
"Blaze/Rzr Sharp Jwl [3]","Fire Attack","3","Rarity 6","300 z","A decoration that grants the Fire Attack and Razor Sharp skills.…"
"Blaze/Precise Jewel [3]","Fire Attack","3","Rarity 6","300 z","A decoration that grants the Fire Attack and Ballistics skills.…"
"Blaze/Opener Jewel [3]","Fire Attack","3","Rarity 6","300 z","A decoration that grants the Fire Attack and Opening Shot skills.…"
"Blaze/Bandolier Jwl [3]","Fire Attack","3","Rarity 6","300 z","A decoration that grants the Fire Attack and Tetrad Shot skills.…"
"Blaze/Focus Jewel [3]","Fire Attack","3","Rarity 6","300 z","A decoration that grants the Fire Attack and Focus skills."
"Blaze/Enhancer Jwl [3]","Fire Attack","3","Rarity 6","300 z","A decoration that grants the Fire Attack and Power Prolonger…"
"Blaze/KO Jewel [3]","Fire Attack","3","Rarity 6","300 z","A decoration that grants the Fire Attack and Slugger skills.…"
"Blaze/Quickswitch Jwl [3]","Fire Attack","3","Rarity 6","300 z","A decoration that grants the Fire Attack and Rapid Morph skills.…"
"","","","","",""
"Blaze/Ironwall Jwl [3]","Fire Attack","3","Rarity 6","300 z","A decoration that grants the Fire Attack and Guard skills."
"Blaze/Shield Jewel [3]","Fire Attack","3","Rarity 6","300 z","A decoration that grants the Fire Attack and Guard Up skills.…"
"Stream Jewel [1]","Water Attack","1","Rarity 3","150 z","A decoration that grants the Water Attack skill."
"Stream Jewel II [2]","Water Attack","2","Rarity 4","200 z","A decoration that grants the Water Attack skill."
"Stream Jewel III [3]","Water Attack","3","Rarity 5","250 z","A decoration that grants the Water Attack skill."
"Stream/Guardian Jwl [3]","Water Attack","3","Rarity 6","300 z","A decoration that grants the Water Attack and Offensive Guard…"
"Stream/Crit Elem Jwl [3]","Water Attack","3","Rarity 6","300 z","A decoration that grants the Water Attack and Critical Element…"
"Stream/Handicraft Jwl [3]","Water Attack","3","Rarity 6","300 z","A decoration that grants the Water Attack and Handicraft skills.…"
"Stream/Rzr Sharp Jwl [3]","Water Attack","3","Rarity 6","300 z","A decoration that grants the Water Attack and Razor Sharp skills.…"
"Stream/Precise Jewel [3]","Water Attack","3","Rarity 6","300 z","A decoration that grants the Water Attack and Ballistics skills.…"
"Stream/Opener Jwl [3]","Water Attack","3","Rarity 6","300 z","A decoration that grants the Water Attack and Opening Shot skills.…"
"Stream/Bandolier Jwl [3]","Water Attack","3","Rarity 6","300 z","A decoration that grants the Water Attack and Tetrad Shot skills.…"
"","","","","",""
"Stream/Focus Jewel [3]","Water Attack","3","Rarity 6","300 z","A decoration that grants the Water Attack and Focus skills. …"
"Stream/Enhancer Jwl [3]","Water Attack","3","Rarity 6","300 z","A decoration that grants the Water Attack and Power Prolonger…"
"Stream/KO Jewel [3]","Water Attack","3","Rarity 6","300 z","A decoration that grants the Water Attack and Slugger skills.…"
"Stream/Quickswitch Jwl [3]","Water Attack","3","Rarity 6","300 z","A decoration that grants the Water Attack and Rapid Morph skills.…"
"Stream/Ironwall Jwl [3]","Water Attack","3","Rarity 6","300 z","A decoration that grants the Water Attack and Guard skills. …"
"Stream/Shield Jewel [3]","Water Attack","3","Rarity 6","300 z","A decoration that grants the Water Attack and Guard Up skills.…"
"Frost Jewel [1]","Ice Attack","1","Rarity 3","150 z","A decoration that grants the Ice Attack skill."
"Frost Jewel II [2]","Ice Attack","2","Rarity 4","200 z","A decoration that grants the Ice Attack skill."
"Frost Jewel III [3]","Ice Attack","3","Rarity 5","250 z","A decoration that grants the Ice Attack skill."
"Frost/Guardian Jwl [3]","Ice Attack","3","Rarity 6","300 z","A decoration that grants the Ice Attack and Offensive Guard skills.…"
"Frost/Crit Elem Jwl [3]","Ice Attack","3","Rarity 6","300 z","A decoration that grants the Ice Attack and Critical Element…"
"Frost/Handicraft Jwl [3]","Ice Attack","3","Rarity 6","300 z","A decoration that grants the Ice Attack and Handicraft skills.…"
"","","","","",""
"Frost/Rzr Sharp Jwl [3]","Ice Attack","3","Rarity 6","300 z","A decoration that grants the Ice Attack and Razor Sharp skills.…"
"Frost/Precise Jewel [3]","Ice Attack","3","Rarity 6","300 z","A decoration that grants the Ice Attack and Ballistics skills.…"
"Frost/Opener Jewel [3]","Ice Attack","3","Rarity 6","300 z","A decoration that grants the Ice Attack and Opening Shot skills.…"
"Frost/Bandolier Jwl [3]","Ice Attack","3","Rarity 6","300 z","A decoration that grants the Ice Attack and Tetrad Shot skills.…"
"Frost/Focus Jewel [3]","Ice Attack","3","Rarity 6","300 z","A decoration that grants the Ice Attack and Focus skills."
"Frost/Enhancer Jwl [3]","Ice Attack","3","Rarity 6","300 z","A decoration that grants the Ice Attack and Power Prolonger skills.…"
"Frost/KO Jewel [3]","Ice Attack","3","Rarity 6","300 z","A decoration that grants the Ice Attack and Slugger skills. …"
"Frost/Quickswitch Jwl [3]","Ice Attack","3","Rarity 6","300 z","A decoration that grants the Ice Attack and Rapid Morph skills.…"
"Frost/Ironwall Jwl [3]","Ice Attack","3","Rarity 6","300 z","A decoration that grants the Ice Attack and Guard skills."
"Frost/Shield Jewel [3]","Ice Attack","3","Rarity 6","300 z","A decoration that grants the Ice Attack and Guard Up skills.…"
"Bolt Jewel [1]","Thunder Attack","1","Rarity 3","150 z","A decoration that grants the Thunder Attack skill."
"Bolt Jewel II [2]","Thunder Attack","2","Rarity 4","200 z","A decoration that grants the Thunder Attack skill."
"","","","","",""
"Bolt Jewel III [3]","Thunder Attack","3","Rarity 5","250 z","A decoration that grants the Thunder Attack skill."
"Bolt/Guardian Jwl [3]","Thunder Attack","3","Rarity 6","300 z","A decoration that grants the Thunder Attack and Offensive Guard…"
"Bolt/Crit Elem Jwl [3]","Thunder Attack","3","Rarity 6","300 z","A decoration that grants the Thunder Attack and Critical Element…"
"Bolt/Handicraft Jwl [3]","Thunder Attack","3","Rarity 6","300 z","A decoration that grants the Thunder Attack and Handicraft skills.…"
"Bolt/Rzr Sharp Jwl [3]","Thunder Attack","3","Rarity 6","300 z","A decoration that grants the Thunder Attack and Razor Sharp skills.…"
"Bolt/Precise Jewel [3]","Thunder Attack","3","Rarity 6","300 z","A decoration that grants the Thunder Attack and Ballistics skills.…"
"Bolt/Opener Jewel [3]","Thunder Attack","3","Rarity 6","300 z","A decoration that grants the Thunder Attack and Opening Shot…"
"Bolt/Bandolier Jwl [3]","Thunder Attack","3","Rarity 6","300 z","A decoration that grants the Thunder Attack and Tetrad Shot skills.…"
"Bolt/Focus Jewel [3]","Thunder Attack","3","Rarity 6","300 z","A decoration that grants the Thunder Attack and Focus skills.…"
"Bolt/Enhancer Jwl [3]","Thunder Attack","3","Rarity 6","300 z","A decoration that grants the Thunder Attack and Power Prolonger…"
"Bolt/KO Jewel [3]","Thunder Attack","3","Rarity 6","300 z","A decoration that grants the Thunder Attack and Slugger skills.…"
"Bolt/Quickswitch Jwl [3]","Thunder Attack","3","Rarity 6","300 z","A decoration that grants the Thunder Attack and Rapid Morph skills.…"
"","","","","",""
"Bolt/Ironwall Jewel [3]","Thunder Attack","3","Rarity 6","300 z","A decoration that grants the Thunder Attack and Guard skills.…"
"Bolt/Shield Jewel [3]","Thunder Attack","3","Rarity 6","300 z","A decoration that grants the Thunder Attack and Guard Up skills.…"
"Dragon Jewel [1]","Dragon Attack","1","Rarity 3","150 z","A decoration that grants the Dragon Attack skill."
"Dragon Jewel II [2]","Dragon Attack","2","Rarity 4","200 z","A decoration that grants the Dragon Attack skill."
"Dragon Jewel III [3]","Dragon Attack","3","Rarity 5","250 z","A decoration that grants the Dragon Attack skill."
"Dragon/Guardian Jwl [3]","Dragon Attack","3","Rarity 6","300 z","A decoration that grants the Dragon Attack and Offensive Guard…"
"Dragon/Crit Elem Jwl [3]","Dragon Attack","3","Rarity 6","300 z","A decoration that grants the Dragon Attack and Critical Element…"
"Dragon/Handicraft Jwl [3]","Dragon Attack","3","Rarity 6","300 z","A decoration that grants the Dragon Attack and Handicraft skills.…"
"Dragon/Rzr Sharp Jwl [3]","Dragon Attack","3","Rarity 6","300 z","A decoration that grants the Dragon Attack and Razor Sharp skills.…"
"Dragon/Precise Jewel [3]","Dragon Attack","3","Rarity 6","300 z","A decoration that grants the Dragon Attack and Ballistics skills.…"
"Dragon/Opener Jewel [3]","Dragon Attack","3","Rarity 6","300 z","A decoration that grants the Dragon Attack and Opening Shot skills.…"
"Dragon/Bandolier Jwl [3]","Dragon Attack","3","Rarity 6","300 z","A decoration that grants the Dragon Attack and Tetrad Shot skills.…"
"","","","","",""
"Dragon/Focus Jewel [3]","Dragon Attack","3","Rarity 6","300 z","A decoration that grants the Dragon Attack and Focus skills.…"
"Dragon/Enhancer Jwl [3]","Dragon Attack","3","Rarity 6","300 z","A decoration that grants the Dragon Attack and Power Prolonger…"
"Dragon/KO Jewel [3]","Dragon Attack","3","Rarity 6","300 z","A decoration that grants the Dragon Attack and Slugger skills.…"
"Dragon/Quickswitch Jwl [3]","Dragon Attack","3","Rarity 6","300 z","A decoration that grants the Dragon Attack and Rapid Morph skills.…"
"Dragon/Ironwall Jwl [3]","Dragon Attack","3","Rarity 6","300 z","A decoration that grants the Dragon Attack and Guard skills.…"
"Dragon/Shield Jewel [3]","Dragon Attack","3","Rarity 6","300 z","A decoration that grants the Dragon Attack and Guard Up skills.…"
"Venom Jewel [1]","Poison Attack","1","Rarity 3","150 z","A decoration that grants the Poison Attack skill."
"Venom Jewel II [2]","Poison Attack","2","Rarity 4","200 z","A decoration that grants the Poison Attack skill."
"Venom Jewel III [3]","Poison Attack","3","Rarity 5","250 z","A decoration that grants the Poison Attack skill."
"Paralyzer Jewel [1]","Paralysis Attack","1","Rarity 3","150 z","A decoration that grants the Paralysis Attack skill."
"Paralyzer Jewel II [2]","Paralysis Attack","2","Rarity 4","200 z","A decoration that grants the Paralysis Attack skill."
"Paralyzer Jwl III [3]","Paralysis Attack","3","Rarity 5","250 z","A decoration that grants the Paralysis Attack skill."
"Sleep Jewel [1]","Sleep Attack","1","Rarity 3","150 z","A decoration that grants the Sleep Attack skill."
"Sleep Jewel II [2]","Sleep Attack","2","Rarity 4","200 z","A decoration that grants the Sleep Attack skill."
"Sleep Jewel III [3]","Sleep Attack","3","Rarity 5","250 z","A decoration that grants the Sleep Attack skill."
"Blast Jewel [1]","Blast Attack","1","Rarity 3","150 z","A decoration that grants the Blast Attack skill."
"Blast Jewel II [2]","Blast Attack","2","Rarity 4","200 z","A decoration that grants the Blast Attack skill."
"Blast Jewel III [3]","Blast Attack","3","Rarity 5","250 z","A decoration that grants the Blast Attack skill."
"Crit Element Jewel [1]","Critical Element","1","Rarity 3","150 z","A decoration that grants the Critical Element skill."
"Crit Element Jewel II [2]","Critical Element","2","Rarity 4","200 z","A decoration that grants the Critical Element skill."
"Crit Elem Jwl III [3]","Critical Element","3","Rarity 5","250 z","A decoration that grants the Critical Element skill."
"Crit Elem/Blaze Jwl [3]","Critical Element","3","Rarity 7","350 z","A decoration that grants the Critical Element and Fire Attack…"
"Crit Elem/Stream Jwl [3]","Critical Element","3","Rarity 7","350 z","A decoration that grants the Critical Element and Water Attack…"
"Crit Elem/Frost Jwl [3]","Critical Element","3","Rarity 7","350 z","A decoration that grants the Critical Element and Ice Attack…"
"","","","","",""
"Crit Elem/Bolt Jwl [3]","Critical Element","3","Rarity 7","350 z","A decoration that grants the Critical Element and Thunder Attack…"
"Crit Elem/Dragon Jwl [3]","Critical Element","3","Rarity 7","350 z","A decoration that grants the Critical Element and Dragon Attack…"
"Crit Elem/Handicraft Jwl [3]","Critical Element","3","Rarity 5","250 z","A decoration that grants the Critical Element and Handicraft…"
"Crit Element/Precise Jwl [3]","Critical Element","3","Rarity 5","250 z","A decoration that grants the Critical Element and Ballistics…"
"Crit Elem/KO Jewel [3]","Critical Element","3","Rarity 5","250 z","A decoration that grants the Critical Element and Slugger skills.…"
"Crit Elem/Ironwall Jwl [3]","Critical Element","3","Rarity 5","250 z","A decoration that grants the Critical Element and Guard skills.…"
"Crit Status Jewel [1]","Critical Status","1","Rarity 3","150 z","A decoration that grants the Critical Status skill."
"Crit Status Jewel II [2]","Critical Status","2","Rarity 4","200 z","A decoration that grants the Critical Status skill."
"Crit Stat Jwl III [3]","Critical Status","3","Rarity 5","250 z","A decoration that grants the Critical Status skill."
"Crit Stat/Handicraft Jwl [3]","Critical Status","3","Rarity 6","300 z","A decoration that grants the Critical Status and Handicraft skills.…"
"Crit Stat/Precise Jwl [3]","Critical Status","3","Rarity 6","300 z","A decoration that grants the Critical Status and Ballistics skills.…"
"Crit Status/KO Jwl [3]","Critical Status","3","Rarity 6","300 z","A decoration that grants the Critical Status and Slugger skills.…"
"","","","","",""
"Crit Stat/Ironwall Jwl [3]","Critical Status","3","Rarity 6","300 z","A decoration that grants the Critical Status and Guard skills.…"
"Charge Jewel [1]","Charge Master","1","Rarity 3","150 z","A decoration that grants the Charge Master skill."
"Charge Jewel II [2]","Charge Master","2","Rarity 4","200 z","A decoration that grants the Charge Master skill."
"Charge Jewel III [3]","Charge Master","3","Rarity 5","250 z","A decoration that grants the Charge Master skill."
"Charge/Handicraft Jwl [3]","Charge Master","3","Rarity 7","350 z","A decoration that grants the Charge Master and Handicraft skills.…"
"Charge/KO Jewel [3]","Charge Master","3","Rarity 7","350 z","A decoration that grants the Charge Master and Slugger skills.…"
"Handicraft Jewel [1]","Handicraft","1","Rarity 3","150 z","A decoration that grants the Handicraft skill."
"Handicraft Jewel II [2]","Handicraft","2","Rarity 4","200 z","A decoration that grants the Handicraft skill."
"Handicraft Jwl III [3]","Handicraft","3","Rarity 5","250 z","A decoration that grants the Handicraft skill."
"Razor Sharp Jewel [1]","Razor Sharp","1","Rarity 3","150 z","A decoration that grants the Razor Sharp skill."
"Razor Sharp Jewel II [2]","Razor Sharp","2","Rarity 4","200 z","A decoration that grants the Razor Sharp skill."
"Rzr Sharp Jwl III [3]","Razor Sharp","3","Rarity 5","250 z","A decoration that grants the Razor Sharp skill."
"","","","","",""
"Rzr Sharp/Blaze Jwl [3]","Razor Sharp","3","Rarity 7","350 z","A decoration that grants the Razor Sharp and Fire Attack skills.…"
"Rzr Sharp/Stream Jwl [3]","Razor Sharp","3","Rarity 7","350 z","A decoration that grants the Razor Sharp and Water Attack skills.…"
"Rzr Sharp/Frost Jwl [3]","Razor Sharp","3","Rarity 7","350 z","A decoration that grants the Razor Sharp and Ice Attack skills.…"
"Rzr Sharp/Bolt Jwl [3]","Razor Sharp","3","Rarity 7","350 z","A decoration that grants the Razor Sharp and Thunder Attack skills.…"
"Rzr Sharp/Dragon Jwl [3]","Razor Sharp","3","Rarity 7","350 z","A decoration that grants the Razor Sharp and Dragon Attack skills.…"
"Rzr Sharp/Handicraft Jwl [3]","Razor Sharp","3","Rarity 7","350 z","A decoration that grants the Razor Sharp and Handicraft skills.…"
"Razor Sharp/KO Jwl [3]","Razor Sharp","3","Rarity 7","350 z","A decoration that grants the Razor Sharp and Slugger skills.…"
"Rzr Sharp/Ironwall Jwl [3]","Razor Sharp","3","Rarity 7","350 z","A decoration that grants the Razor Sharp and Guard skills."
"Sharp Jewel [1]","Protective Polish","1","Rarity 3","150 z","A decoration that grants the Protective Polish skill."
"Sharp Jewel II [2]","Protective Polish","2","Rarity 4","200 z","A decoration that grants the Protective Polish skill."
"Sharp Jewel III [3]","Protective Polish","3","Rarity 5","250 z","A decoration that grants the Protective Polish skill."
"Mind's Eye Jewel [1]","Mind's Eye","1","Rarity 3","150 z","A decoration that grants the Mind’s Eye skill."
"","","","","",""
"Mind's Eye Jewel II [2]","Mind's Eye","2","Rarity 4","200 z","A decoration that grants the Mind’s Eye skill."
"Mind's Eye Jwl III [3]","Mind's Eye","3","Rarity 5","250 z","A decoration that grants the Mind’s Eye skill."
"Blunt Jewel [1]","Bludgeoner","1","Rarity 3","150 z","A decoration that grants the Bludgeoner skill."
"Blunt Jewel II [2]","Bludgeoner","2","Rarity 4","200 z","A decoration that grants the Bludgeoner skill."
"Blunt Jewel III [3]","Bludgeoner","3","Rarity 5","250 z","A decoration that grants the Bludgeoner skill."
"Mastery Jewel [3]","Master's Touch","3","Rarity 5","250 z","A decoration that grants the Master’s Touch skill."
"Forceshot Jewel [3]","Normal Shots","3","Rarity 5","250 z","A decoration that grants the Normal Shots skill."
"Pierce Jewel [3]","Piercing Shots","3","Rarity 5","250 z","A decoration that enhances the Piercing Shots skill."
"Spread Jewel [3]","Spread/Power Shots","3","Rarity 5","250 z","A decoration that grants the Spread/Power Shots skill."
"Precise Jewel [1]","Ballistics","1","Rarity 3","150 z","A decoration that grants the Ballistics skill."
"Precise Jewel II [2]","Ballistics","2","Rarity 4","200 z","A decoration that grants the Ballistics skill."
"Precise Jewel III [3]","Ballistics","3","Rarity 5","250 z","A decoration that grants the Ballistics skill."
"","","","","",""
"Salvo Jewel [3]","Rapid Fire Up","3","Rarity 5","250 z","A decoration that grants the Rapid Fire Up skill."
"Opener Jewel [1]","Opening Shot","1","Rarity 3","150 z","A decoration that grants the Opening Shot skill."
"Opener Jewel II [2]","Opening Shot","2","Rarity 4","200 z","A decoration that grants the Opening Shot skill."
"Opener Jewel III [3]","Opening Shot","3","Rarity 5","250 z","A decoration that grants the Opening Shot skill."
"Opener/Blaze Jewel [3]","Opening Shot","3","Rarity 7","350 z","A decoration that grants the Opening Shot and Fire Attack skills.…"
"Opener/Stream Jwl [3]","Opening Shot","3","Rarity 7","350 z","A decoration that grants the Opening Shot and Water Attack skills.…"
"Opener/Frost Jewel [3]","Opening Shot","3","Rarity 7","350 z","A decoration that grants the Opening Shot and Ice Attack skills.…"
"Opener/Bolt Jewel [3]","Opening Shot","3","Rarity 7","350 z","A decoration that grants the Opening Shot and Thunder Attack…"
"Opener/Dragon Jewel [3]","Opening Shot","3","Rarity 7","350 z","A decoration that grants the Opening Shot and Dragon Attack skills.…"
"Opener/Precise Jewel [3]","Opening Shot","3","Rarity 7","350 z","A decoration that grants the Opening Shot and Ballistics skills.…"
"Opener/Ironwall Jwl [3]","Opening Shot","3","Rarity 7","350 z","A decoration that grants the Opening Shot and Guard skills. …"
"Bandolier Jewel [1]","Tetrad Shot","1","Rarity 3","150 z","A decoration that grants the Tetrad Shot skill."
"","","","","",""
"Bandolier Jewel II [2]","Tetrad Shot","2","Rarity 4","200 z","A decoration that grants the Tetrad Shot skill."
"Bandolier Jewel III [3]","Tetrad Shot","3","Rarity 5","250 z","A decoration that grants the Tetrad Shot skill."
"Bandolier/Blaze Jwl [3]","Tetrad Shot","3","Rarity 7","350 z","A decoration that grants the Tetrad Shot and Fire Attack skills.…"
"Bandolier/Stream Jwl [3]","Tetrad Shot","3","Rarity 7","350 z","A decoration that grants the Tetrad Shot and Water Attack skills.…"
"Bandolier/Frost Jwl [3]","Tetrad Shot","3","Rarity 7","350 z","A decoration that grants the Tetrad Shot and Ice Attack skills.…"
"Bandolier/Bolt Jwl [3]","Tetrad Shot","3","Rarity 7","350 z","A decoration that grants the Tetrad Shot and Thunder Attack skills.…"
"Bandolier/Dragon Jwl [3]","Tetrad Shot","3","Rarity 7","350 z","A decoration that grants the Tetrad Shot and Dragon Attack skills.…"
"Bandolier/Precise Jwl [3]","Tetrad Shot","3","Rarity 7","350 z","A decoration that grants the Tetrad Shot and Ballistics skills.…"
"Bandolier/Ironwall Jwl [3]","Tetrad Shot","3","Rarity 7","350 z","A decoration that grants the Tetrad Shot and Guard skills."
"Trueshot Jewel [1]","Special Ammo Boost","1","Rarity 3","150 z","A decoration that grants the Special Ammo Boost skill."
"Trueshot Jewel II [2]","Special Ammo Boost","2","Rarity 4","200 z","A decoration that grants the Special Ammo Boost skill."
"Poisoncoat Jewel [2]","Poison Functionality","2","Rarity 4","200 z","A decoration that grants the Poison Functionality skill."
"","","","","",""
"Paracoat Jewel [3]","Para Functionality","3","Rarity 5","250 z","A decoration that grants the Para Functionality skill."
"Sleepcoat Jewel [3]","Sleep Functionality","3","Rarity 5","250 z","A decoration that grants the Sleep Functionality skill."
"Blastcoat Jewel [2]","Blast Functionality","2","Rarity 4","200 z","A decoration that grants the Blast Functionality skill."
"Draincoat Jewel [2]","Exhaust Functionality","2","Rarity 4","200 z","A decoration that grants the Exhaust Functionality skill."
"Focus Jewel [1]","Focus","1","Rarity 3","150 z","A decoration that grants the Focus skill."
"Focus Jewel II [2]","Focus","2","Rarity 4","200 z","A decoration that grants the Focus skill."
"Focus Jewel III [3]","Focus","3","Rarity 5","250 z","A decoration that grants the Focus skill."
"Focus/Blaze Jewel [3]","Focus","3","Rarity 7","350 z","A decoration that grants the Focus and Fire Attack skills."
"Focus/Stream Jewel [3]","Focus","3","Rarity 7","350 z","A decoration that grants the Focus and Water Attack skills. …"
"Focus/Frost Jewel [3]","Focus","3","Rarity 7","350 z","A decoration that grants the Focus and Ice Attack skills."
"Focus/Bolt Jwl [3]","Focus","3","Rarity 7","350 z","A decoration that grants the Focus and Thunder Attack skills.…"
"Focus/Dragon Jewel [3]","Focus","3","Rarity 7","350 z","A decoration that grants the Focus and Dragon Attack skills.…"
"","","","","",""
"Focus/Handicraft Jewel [3]","Focus","3","Rarity 7","350 z","A decoration that grants the Focus and Handicraft skills."
"Focus/Precise Jewel [3]","Focus","3","Rarity 7","350 z","A decoration that grants the Focus and Ballistics skills."
"Focus/KO Jewel [3]","Focus","3","Rarity 7","350 z","A decoration that grants the Focus and Slugger skills."
"Enhancer Jewel [1]","Power Prolonger","1","Rarity 3","150 z","A decoration that grants the Power Prolonger skill."
"Enhancer Jewel II [2]","Power Prolonger","2","Rarity 4","200 z","A decoration that grants the Power Prolonger skill."
"Enhancer Jewel III [3]","Power Prolonger","3","Rarity 5","250 z","A decoration that grants the Power Prolonger skill."
"Enhancer/Blaze Jewel [3]","Power Prolonger","3","Rarity 7","350 z","A decoration that grants the Power Prolonger and Fire Attack…"
"Enhancer/Stream Jwl [3]","Power Prolonger","3","Rarity 7","350 z","A decoration that grants the Power Prolonger and Water Attack…"
"Enhancer/Frost Jwl [3]","Power Prolonger","3","Rarity 7","350 z","A decoration that grants the Power Prolonger and Ice Attack skills.…"
"Enhancer/Bolt Jewel [3]","Power Prolonger","3","Rarity 7","350 z","A decoration that grants the Power Prolonger and Thunder Attack…"
"Enhancer/Dragon Jwl [3]","Power Prolonger","3","Rarity 7","350 z","A decoration that grants the Power Prolonger and Dragon Attack…"
"Enhancer/Handicraft Jwl [3]","Power Prolonger","3","Rarity 7","350 z","A decoration that grants the Power Prolonger and Handicraft skills.…"
"Gambit Jewel [1]","Punishing Draw","1","Rarity 3","150 z","A decoration that grants the Punishing Draw skill."
"Gambit Jewel II [2]","Punishing Draw","2","Rarity 4","200 z","A decoration that grants the Punishing Draw skill."
"Gambit Jewel III [3]","Punishing Draw","3","Rarity 5","250 z","A decoration that grants the Punishing Draw skill."
"Gambit/Handicraft Jwl [3]","Punishing Draw","3","Rarity 7","350 z","A decoration that grants the Punishing Draw and Handicraft skills.…"
"Gambit/KO Jewel [3]","Punishing Draw","3","Rarity 7","350 z","A decoration that grants the Punishing Draw and Slugger skills.…"
"Gambit/Ironwall Jwl [3]","Punishing Draw","3","Rarity 7","350 z","A decoration that grants the Punishing Draw and Guard skills.…"
"KO Jewel [1]","Slugger","1","Rarity 3","150 z","A decoration that grants the Slugger skill."
"KO Jewel II [2]","Slugger","2","Rarity 4","200 z","A decoration that grants the Slugger skill."
"KO Jewel III [3]","Slugger","3","Rarity 5","250 z","A decoration that grants the Slugger skill."
"Drain Jewel [1]","Stamina Thief","1","Rarity 3","150 z","A decoration that grants the Stamina Thief skill."
"Drain Jewel II [2]","Stamina Thief","2","Rarity 4","200 z","A decoration that grants the Stamina Thief skill."
"Drain Jewel III [3]","Stamina Thief","3","Rarity 5","250 z","A decoration that grants the Stamina Thief skill."
"","","","","",""
"Artillery Jewel [1]","Artillery","1","Rarity 3","150 z","A decoration that grants the Artillery skill."
"Artillery Jewel II [2]","Artillery","2","Rarity 4","200 z","A decoration that grants the Artillery skill."
"Artillery Jewel III [3]","Artillery","3","Rarity 5","250 z","A decoration that grants the Artillery skill."
"Quickswitch Jewel [1]","Rapid Morph","1","Rarity 3","150 z","A decoration that grants the Rapid Morph skill."
"Quickswitch Jewel II [2]","Rapid Morph","2","Rarity 4","200 z","A decoration that grants the Rapid Morph skill."
"Quickswitch Jewel III [3]","Rapid Morph","3","Rarity 5","250 z","A decoration that grants the Rapid Morph skill."
"Quickswitch/Blaze Jwl [3]","Rapid Morph","3","Rarity 7","350 z","A decoration that grants the Rapid Morph and Fire Attack skills.…"
"Quickswitch/Stream Jwl [3]","Rapid Morph","3","Rarity 7","350 z","A decoration that grants the Rapid Morph and Water Attack skills.…"
"Quickswitch/Frost Jwl [3]","Rapid Morph","3","Rarity 7","350 z","A decoration that grants the Rapid Morph and Ice Attack skills.…"
"Quickswitch/Bolt Jwl [3]","Rapid Morph","3","Rarity 7","350 z","A decoration that grants the Rapid Morph and Thunder Attack skills.…"
"Quickswitch/Dragon Jwl [3]","Rapid Morph","3","Rarity 7","350 z","A decoration that grants the Rapid Morph and Dragon Attack skills.…"
"Quickswitch/Handicraft Jwl [3]","Rapid Morph","3","Rarity 7","350 z","A decoration that grants the Rapid Morph and Handicraft skills.…"
"","","","","",""
"Quickswitch/KO Jwl [3]","Rapid Morph","3","Rarity 7","350 z","A decoration that grants the Rapid Morph and Slugger skills.…"
"Quickswitch/Ironwall Jwl [3]","Rapid Morph","3","Rarity 7","350 z","A decoration that grants the Rapid Morph and Guard skills."
"Sonorous Jewel [2]","Horn Maestro","2","Rarity 4","200 z","A decoration that grants the Horn Maestro skill."
"Sonorous/Attack Jwl [3]","Horn Maestro","3","Rarity 5","250 z","A decoration that grants the Horn Maestro and Attack Boost skills.…"
"Sonorous/Expert Jwl [3]","Horn Maestro","3","Rarity 5","250 z","A decoration that grants the Horn Maestro and Critical Eye skills.…"
"Sonorous/Draw Jwl [3]","Horn Maestro","3","Rarity 5","250 z","A decoration that grants the Horn Maestro and Critical Draw skills.…"
"Sonorous/Handicraft Jwl [3]","Horn Maestro","3","Rarity 5","250 z","A decoration that grants the Horn Maestro and Handicraft skills.…"
"Sonorous/KO Jewel [3]","Horn Maestro","3","Rarity 5","250 z","A decoration that grants the Horn Maestro and Slugger skills.…"
"Charge Up Jewel [2]","Charge Up","2","Rarity 4","200 z","A decoration that grants the Charge Up skill."
"Charge Up/Attack Jwl [3]","Charge Up","3","Rarity 5","250 z","A decoration that grants the Charge Up and Attack Boost skills.…"
"Charge Up/Expert Jwl [3]","Charge Up","3","Rarity 5","250 z","A decoration that grants the Charge Up and Critical Eye skills.…"
"Charge Up/Draw Jwl [3]","Charge Up","3","Rarity 5","250 z","A decoration that grants the Charge Up and Critical Draw skills.…"
"","","","","",""
"Charge Up/Handicraft Jwl [3]","Charge Up","3","Rarity 5","250 z","A decoration that grants the Charge Up and Handicraft skills.…"
"Charge Up/KO Jewel [3]","Charge Up","3","Rarity 5","250 z","A decoration that grants the Charge Up and Slugger skills."
"Flight Jewel [2]","Airborne","2","Rarity 4","200 z","A decoration that grants the Airborne skill."
"Flight/Attack Jwl [3]","Airborne","3","Rarity 5","250 z","A decoration that grants the Airborne and Attack Boost skills.…"
"Flight/Expert Jewel [3]","Airborne","3","Rarity 5","250 z","A decoration that grants the Airborne and Critical Eye skills.…"
"Flight/Draw Jewel [3]","Airborne","3","Rarity 5","250 z","A decoration that grants the Airborne and Critical Draw skills.…"
"Flight/Handicraft Jwl [3]","Airborne","3","Rarity 5","250 z","A decoration that grants the Airborne and Handicraft skills.…"
"Poison Jewel [2]","Poison Duration Up","2","Rarity 5","250 z","A decoration that grants the Poison Duration Up skill."
"Poison/Attack Jewel [3]","Poison Duration Up","3","Rarity 6","300 z","A decoration that grants the Poison Duration Up and Attack Boost…"
"Poison/Expert Jwl [3]","Poison Duration Up","3","Rarity 6","300 z","A decoration that grants the Poison Duration Up and Critical…"
"Poison/Draw Jewel [3]","Poison Duration Up","3","Rarity 6","300 z","A decoration that grants the Poison Duration Up and Critical…"
"Poison/Handicraft Jwl [3]","Poison Duration Up","3","Rarity 6","300 z","A decoration that grants the Poison Duration Up and Handicraft…"
"","","","","",""
"Poison/Precise Jwl [3]","Poison Duration Up","3","Rarity 6","300 z","A decoration that grants the Poison Duration Up and Ballistics…"
"Poison/KO Jewel [3]","Poison Duration Up","3","Rarity 6","300 z","A decoration that grants the Poison Duration Up and Slugger skills.…"
"Poison/Ironwall Jwl [3]","Poison Duration Up","3","Rarity 6","300 z","A decoration that grants the Poison Duration Up and Guard skills.…"
"Ironwall Jewel [1]","Guard","1","Rarity 3","150 z","A decoration that grants the Guard skill."
"Ironwall Jewel II [2]","Guard","2","Rarity 4","200 z","A decoration that grants the Guard skill."
"Ironwall Jewel III [3]","Guard","3","Rarity 5","250 z","A decoration that grants the Guard skill."
"Shield Jewel [1]","Guard Up","1","Rarity 3","150 z","A decoration that grants the Guard Up skill."
"Shield Jewel II [2]","Guard Up","2","Rarity 4","200 z","A decoration that grants the Guard Up skill."
"Shield Jewel III [3]","Guard Up","3","Rarity 5","250 z","A decoration that grants the Guard Up skill."
"Shield/Blaze Jewel [3]","Guard Up","3","Rarity 6","300 z","A decoration that grants the Guard Up and Fire Attack skills.…"
"Shield/Stream Jewel [3]","Guard Up","3","Rarity 6","300 z","A decoration that grants the Guard Up and Water Attack skills.…"
"Shield/Frost Jewel [3]","Guard Up","3","Rarity 6","300 z","A decoration that grants the Guard Up and Ice Attack skills.…"
"","","","","",""
"Shield/Bolt Jewel [3]","Guard Up","3","Rarity 6","300 z","A decoration that grants the Guard Up and Thunder Attack skills.…"
"Shield/Dragon Jwl [3]","Guard Up","3","Rarity 6","300 z","A decoration that grants the Guard Up and Dragon Attack skills.…"
"Shield/Handicraft Jwl [3]","Guard Up","3","Rarity 6","300 z","A decoration that grants the Guard Up and Handicraft skills.…"
"Shield/Ironwall Jwl [3]","Guard Up","3","Rarity 6","300 z","A decoration that grants the Guard Up and Guard skills."
"Magazine Jewel [1]","Load Shells","1","Rarity 3","150 z","A decoration that grants the Load Shells skill."
"Magazine Jewel II [2]","Load Shells","2","Rarity 4","200 z","A decoration that grants the Load Shells skill."
"Magazine/Attack Jwl [3]","Load Shells","3","Rarity 5","250 z","A decoration that grants the Load Shells and Attack Boost skills.…"
"Magazine/Expert Jwl [3]","Load Shells","3","Rarity 5","250 z","A decoration that grants the Load Shells and Critical Eye skills.…"
"Magazine/Draw Jwl [3]","Load Shells","3","Rarity 5","250 z","A decoration that grants the Load Shells and Critical Draw skills.…"
"Magazine/Handicraft Jwl [3]","Load Shells","3","Rarity 5","250 z","A decoration that grants the Load Shells and Handicraft skills.…"
"Magazine/Ironwall Jwl [3]","Load Shells","3","Rarity 5","250 z","A decoration that grants the Load Shells and Guard skills."
"Grinder Jewel [1]","Speed Sharpening","1","Rarity 3","150 z","A decoration that grants the Speed Sharpening skill."
"","","","","",""
"Grinder Jewel II [2]","Speed Sharpening","2","Rarity 4","200 z","A decoration that grants the Speed Sharpening skill."
"Grinder/Attack Jewel [3]","Speed Sharpening","3","Rarity 5","250 z","A decoration that grants the Speed Sharpening and Attack Boost…"
"Grinder/Expert Jewel [3]","Speed Sharpening","3","Rarity 5","250 z","A decoration that grants the Speed Sharpening and Critical Eye…"
"Grinder/Draw Jewel [3]","Speed Sharpening","3","Rarity 5","250 z","A decoration that grants the Speed Sharpening and Critical Draw…"
"Grinder/Handicraft Jwl [3]","Speed Sharpening","3","Rarity 5","250 z","A decoration that grants the Speed Sharpening and Handicraft…"
"Grinder/KO Jewel [3]","Speed Sharpening","3","Rarity 5","250 z","A decoration that grants the Speed Sharpening and Slugger skills.…"
"Grinder/Ironwall Jewel [3]","Speed Sharpening","3","Rarity 5","250 z","A decoration that grants the Speed Sharpening and Guard skills.…"
