"Skill","MaxLevel","SlotClass","ArmorDecorationOptions","WeaponDecorationOptions","ArmorPiecesCount","ArmorPieces","TalismansCount","Talismans"
"Adaptability","2","armor-decoration","Adapt Jewel [1] req1","","5","Artian Mail α; Dahaad Shardbraces α; Dahaad Shardbraces β; Dahaad Shardmail α; Dahaad Shardmail β","0",""
"Adrenaline Rush","5","armor-decoration","Counterattack Jewel [3] req3","","9","Rathalos Coil α; Rathalos Coil β; Rathalos Greaves α; Rathalos Mail α; Rathalos Mail β; Xu Wu Greaves α; Xu Wu Greaves β; Xu Wu Helm α; Xu Wu Helm β","2","Counterattack Charm I; Counterattack Charm II"
"Agitator","5","armor-decoration","Challenger Jewel [3] req3","","25","Blango Coil α; Blango Coil β; Blango Greaves α; Blango Greaves β; Blango Mail α; Blango Mail β; Commission Coil α; Commission Greaves α; Commission Helm α; Commission Mail α; Commission Vambraces α; Dahaad Shardbraces α; Dahaad Shardbraces β; Dahaad Shardgreaves α; Dahaad Shardgreaves β; Dahaad Shardhelm α; Dahaad Shardhelm β; G. Fulgur Helm α; G. Fulgur Helm β; G. Fulgur Vambraces α; Kut-Ku Coil α; Kut-Ku Coil β; Kut-Ku Mail α; Kut-Ku Mail β; Kut-Ku Vambraces α","2","Challenger Charm I; Challenger Charm II"
"Airborne","1","weapon-decoration","","Flight Jewel [2] req2; Flight/Attack Jwl [3] req3; Flight/Expert Jewel [3] req3; Flight/Draw Jewel [3] req3; Flight/Handicraft Jwl [3] req3","0","","0",""
"Alluring Pelt","1","no decoration found in scraped data","","","25","Ajarakan Coil β; Ajarakan Greaves β; Ajarakan Helm β; Ajarakan Mail β; Ajarakan Vambraces β; Arkvulcan Coil β; Arkvulcan Greaves β; Arkvulcan Helm β; Arkvulcan Mail β; Arkvulcan Vambraces β; Blango Coil β; Blango Greaves β; Blango Helm β; Blango Mail β; Blango Vambraces β; Conga Coil β; Conga Greaves β; Conga Helm β; Conga Mail β; Conga Vambraces β; Doshaguma Braces β; Doshaguma Coil β; Doshaguma Greaves β; Doshaguma Helm β; Doshaguma Mail β","0",""
"Ambush","3","armor-decoration","Ambush Jewel [2] req2","","17","Death Stench Brain α; Death Stench Grip α; Death Stench Muscle α; Mimiphyta α; Nerscylla Greaves; Nerscylla Greaves α; Nerscylla Helm; Nerscylla Mail α; Nerscylla Mail β; Nerscylla Vambraces; Nerscylla Vambraces α; Nerscylla Vambraces β; Vespoid Helm α; Vespoid Vambraces α; Xu Wu Greaves α; Xu Wu Helm α; Xu Wu Mail α","2","Descent Charm I; Descent Charm II"
"Antivirus","3","armor-decoration","Sane Jewel [1] req1","","4","Gore Coil α; Gore Greaves α; Gore Greaves β; Gore Mail α","3","Sanity Charm I; Sanity Charm II; Sanity Charm III"
"Aquatic/Oilsilt Mobility","2","armor-decoration","Mirewalker Jewel [1] req1","","6","Duna Coil; Duna Wildcoil α; Duna Wildmail α; High Metal Coil α; Piragill Greaves α; Piragill Greaves β","0",""
"Arkveld's Hunger","2","no decoration found in scraped data","","","10","Arkvulcan Coil α; Arkvulcan Coil β; Arkvulcan Greaves α; Arkvulcan Greaves β; Arkvulcan Helm α; Arkvulcan Helm β; Arkvulcan Mail α; Arkvulcan Mail β; Arkvulcan Vambraces α; Arkvulcan Vambraces β","0",""
"Artillery","3","weapon-decoration","","Artillery Jewel [1] req1; Artillery Jewel II [2] req2; Artillery Jewel III [3] req3","0","","0",""
"Attack Boost","5","weapon-decoration","","Attack Jewel [1] req1; Attack Jewel II [2] req2; Attack Jewel III [3] req3","0","","0",""
"Balanced Meal","","no decoration found in scraped data","","","0","","0",""
"Ballistics","3","weapon-decoration","","Precise Jewel [1] req1; Precise Jewel II [2] req2; Precise Jewel III [3] req3","0","","0",""
"Bind Resistance","3","armor-decoration","Escape Jewel [1] req1","","9","Battle Coil α; Dahaad Shardmail α; Dahaad Shardmail β; Nerscylla Coil; Nerscylla Coil α; Nerscylla Coil β; Nerscylla Helm α; Nerscylla Helm β; Nerscylla Mail","3","Escape Charm I; Escape Charm II; Escape Charm III"
"Black Belt Meal (Hi)","","no decoration found in scraped data","","","0","","0",""
"Black Belt Meal (Lo)","","no decoration found in scraped data","","","0","","0",""
"Blangonga's Spirit","2","no decoration found in scraped data","","","10","Blango Coil α; Blango Coil β; Blango Greaves α; Blango Greaves β; Blango Helm α; Blango Helm β; Blango Mail α; Blango Mail β; Blango Vambraces α; Blango Vambraces β","0",""
"Blast Attack","3","weapon-decoration","","Blast Jewel [1] req1; Blast Jewel II [2] req2; Blast Jewel III [3] req3","0","","0",""
"Blast Functionality","1","weapon-decoration","","Blastcoat Jewel [2] req2","0","","0",""
"Blast Resistance","3","armor-decoration","Antiblast Jewel [1] req1","","6","Ajarakan Coil; Ajarakan Coil α; Ajarakan Coil β; Ajarakan Greaves; Ajarakan Mail α; High Metal Braces α","3","Blast Charm I; Blast Charm II; Blast Charm III"
"Bleeding Resistance","3","armor-decoration","Suture Jewel [1] req1","","7","G. Ebony Coil; G. Ebony Coil α; G. Ebony Greaves; G. Ebony Mail; G. Ebony Mail α; High Metal Greaves α; Melahoa Folia α","3","Bleed Charm I; Bleed Charm II; Bleed Charm III"
"Blight Resistance","3","no decoration found in scraped data","","","8","Artian Vambraces α; Expedition Headgear α; G. Arkveld Coil; G. Arkveld Greaves; G. Arkveld Mail; G. Arkveld Mail α; G. Arkveld Mail β; G. Arkveld Vambraces α","2","Blight Charm I; Blight Charm II"
"Blindsider","1","armor-decoration","Flash Jewel [1] req1","","1","Gypceros Helm α","0",""
"Bludgeoner","3","weapon-decoration","","Blunt Jewel [1] req1; Blunt Jewel II [2] req2; Blunt Jewel III [3] req3","0","","0",""
"Bombardier","3","armor-decoration","Bomber Jewel [1] req1","","8","Ajarakan Coil; Ajarakan Helm; Ajarakan Helm α; Ajarakan Helm β; Ajarakan Vambraces; Ajarakan Vambraces α; Ajarakan Vambraces β; High Metal Coil α","3","Bombardier Charm I; Bombardier Charm II; Bombardier Charm III"
"Botanist","4","armor-decoration","Botany Jewel [1] req1","","8","Leather Belt; Leather Gloves α; Leather Headgear; Leather Headgear α; Leather Mail α; Leather Pants; Leather Vest; Sild Hood α","4","Botany Charm I; Botany Charm II; Botany Charm III; Botany Charm IV"
"Break-time Meal","","no decoration found in scraped data","","","0","","0",""
"Bulldozer Meal","","no decoration found in scraped data","","","0","","0",""
"Burst","5","armor-decoration","Chain Jewel [3] req3","","16","Conga Greaves α; Conga Greaves β; Conga Mail α; G. Ebony Braces; G. Ebony Braces α; G. Ebony Braces β; G. Ebony Coil; G. Ebony Coil α; G. Ebony Coil β; G. Ebony Helm; G. Ebony Helm α; G. Ebony Helm β; Talioth Vambraces α; Udra Miregreaves α; Udra Miregreaves β; Udra Miremail α","2","Chain Charm I; Chain Charm II"
"Buttery Leathercraft","1","no decoration found in scraped data","","","22","Chatacabra Coil β; Chatacabra Greaves β; Chatacabra Helm β; Chatacabra Mail β; Chatacabra Vambraces β; Gypceros Coil β; Gypceros Greaves β; Gypceros Helm β; Gypceros Mail β; Gypceros Vambraces β; Piragill Greaves β; Rompopolo Coil β; Rompopolo Greaves β; Rompopolo Helm β; Rompopolo Mail β; Rompopolo Vambraces β; Talioth Vambraces β; Xu Wu Coil β; Xu Wu Greaves β; Xu Wu Helm β; Xu Wu Mail β; Xu Wu Vambraces β","0",""
"Caprice Meal (Hi)","","no decoration found in scraped data","","","0","","0",""
"Caprice Meal (Lo)","","no decoration found in scraped data","","","0","","0",""
"Capture Pro Meal","","no decoration found in scraped data","","","0","","0",""
"Carver Meal","","no decoration found in scraped data","","","0","","0",""
"Charge Master","3","weapon-decoration","","Charge Jewel [1] req1; Charge Jewel II [2] req2; Charge Jewel III [3] req3; Charge/Handicraft Jwl [3] req3; Charge/KO Jewel [3] req3","0","","0",""
"Charge Up","1","weapon-decoration","","Charge Up Jewel [2] req2; Charge Up/Attack Jwl [3] req3; Charge Up/Expert Jwl [3] req3; Charge Up/Draw Jwl [3] req3; Charge Up/Handicraft Jwl [3] req3; Charge Up/KO Jewel [3] req3","0","","0",""
"Cliffhanger","1","armor-decoration","Climber Jewel [1] req1","","1","Ajarakan Vambraces","0",""
"Coalescence","3","armor-decoration","Phoenix Jewel [2] req2","","7","Expedition Headgear α; G. Fulgur Greaves α; G. Fulgur Greaves β; G. Fulgur Helm α; G. Fulgur Mail α; Gore Helm α; Gore Helm β","2","Phoenix Charm I; Phoenix Charm II"
"Constitution","5","armor-decoration","Physique Jewel [1] req1","","38","Battle Greaves α; Butterfly Brachia α; Butterfly Crura α; Butterfly Elytra α; Butterfly Thorax α; Butterfly Vertex α; Dober Coil α; Dober Greaves α; Dober Helm α; Dober Mail α; Dober Vambraces α; G. Doshaguma Greaves α; G. Doshaguma Greaves β; G. Doshaguma Mail α; G. Doshaguma Mail β; Gore Coil α; Gore Coil β; Gore Vambraces α; Gore Vambraces β; Guild Ace Boots α; Guild Ace Coil α; Guild Ace Earrings α; Guild Ace Mail α; Guild Ace Vambraces α; Kut-Ku Greaves α; Kut-Ku Greaves β; Kut-Ku Helm α; Kut-Ku Helm β; Kut-Ku Vambraces α; Kut-Ku Vambraces β; Rathalos Helm α; Rathalos Helm β; Rathalos Mail α; Rathalos Vambraces α; Rathalos Vambraces β; Rey Sandcoil; Rey Sandgreaves; Rey Sandmail","4","Fitness Charm I; Fitness Charm II; Fitness Charm III; Fitness Charm IV"
"Convert Element","3","no decoration found in scraped data","","","6","Arkvulcan Greaves α; Arkvulcan Greaves β; Arkvulcan Helm α; Arkvulcan Helm β; Arkvulcan Vambraces α; Arkvulcan Vambraces β","1","Convert Charm I"
"Counterstrike","3","armor-decoration","Counter Jewel [2] req2","","9","Blango Greaves α; Blango Helm α; Blango Vambraces α; Blango Vambraces β; Dragonking Eyepatch α; Udra Mirebraces α; Udra Mirebraces β; Udra Mirehelm α; Udra Mirehelm β","3","Counter Charm I; Counter Charm II; Counter Charm III"
"Critical Boost","5","weapon-decoration","","Critical Jewel [1] req1; Critical Jewel II [2] req2; Critical Jewel III [3] req3","0","","0",""
"Critical Draw","3","weapon-decoration","","Draw Jewel [1] req1; Draw Jewel II [2] req2; Draw Jewel III [3] req3","0","","0",""
"Critical Element","3","weapon-decoration","","Crit Element Jewel [1] req1; Crit Element Jewel II [2] req2; Crit Elem Jwl III [3] req3; Crit Elem/Blaze Jwl [3] req3; Crit Elem/Stream Jwl [3] req3; Crit Elem/Frost Jwl [3] req3; Crit Elem/Bolt Jwl [3] req3; Crit Elem/Dragon Jwl [3] req3; Crit Elem/Handicraft Jwl [3] req3; Crit Element/Precise Jwl [3] req3; Crit Elem/KO Jewel [3] req3; Crit Elem/Ironwall Jwl [3] req3","0","","0",""
"Critical Eye","5","weapon-decoration","","Expert Jewel [1] req1; Expert Jewel II [2] req2; Expert Jewel III [3] req3","0","","0",""
"Critical Status","3","weapon-decoration","","Crit Status Jewel [1] req1; Crit Status Jewel II [2] req2; Crit Stat Jwl III [3] req3; Crit Stat/Handicraft Jwl [3] req3; Crit Stat/Precise Jwl [3] req3; Crit Status/KO Jwl [3] req3; Crit Stat/Ironwall Jwl [3] req3","0","","0",""
"Defender Meal (Hi)","","no decoration found in scraped data","","","0","","0",""
"Defender Meal (Lo)","","no decoration found in scraped data","","","0","","0",""
"Defense Boost","7","armor-decoration","Defense Jewel [1] req1","","0","","4","Defense Charm I; Defense Charm II; Defense Charm III; Defense Charm IV"
"Divine Blessing","3","armor-decoration","Protection Jewel [1] req1","","21","Commission Mail α; Damascus Helm α; Damascus Vambraces α; G. Ebony Braces α; G. Ebony Braces β; G. Ebony Greaves α; G. Ebony Greaves β; Hope Coil α; Hope Greaves; Hope Mail; Hope Mask α; Hope Vambraces; Ingot Coil; Ingot Coil α; Ingot Helm; Ingot Helm α; Rathian Helm α; Rathian Helm β; Rathian Vambraces α; Rathian Vambraces β; Suja Sash α","3","Blessing Charm I; Blessing Charm II; Blessing Charm III"
"Doshaguma's Might","2","no decoration found in scraped data","","","30","Doshaguma Braces; Doshaguma Braces α; Doshaguma Braces β; Doshaguma Coil; Doshaguma Coil α; Doshaguma Coil β; Doshaguma Greaves; Doshaguma Greaves α; Doshaguma Greaves β; Doshaguma Helm; Doshaguma Helm α; Doshaguma Helm β; Doshaguma Mail; Doshaguma Mail α; Doshaguma Mail β; G. Doshaguma Braces; G. Doshaguma Braces α; G. Doshaguma Braces β; G. Doshaguma Coil; G. Doshaguma Coil α; G. Doshaguma Coil β; G. Doshaguma Greaves; G. Doshaguma Greaves α; G. Doshaguma Greaves β; G. Doshaguma Helm; G. Doshaguma Helm α; G. Doshaguma Helm β; G. Doshaguma Mail; G. Doshaguma Mail α; G. Doshaguma Mail β","0",""
"Dragon Attack","3","weapon-decoration","","Dragon Jewel [1] req1; Dragon Jewel II [2] req2; Dragon Jewel III [3] req3; Dragon/Guardian Jwl [3] req3; Dragon/Crit Elem Jwl [3] req3; Dragon/Handicraft Jwl [3] req3; Dragon/Rzr Sharp Jwl [3] req3; Dragon/Precise Jewel [3] req3; Dragon/Opener Jewel [3] req3; Dragon/Bandolier Jwl [3] req3; Dragon/Focus Jewel [3] req3; Dragon/Enhancer Jwl [3] req3; Dragon/KO Jewel [3] req3; Dragon/Quickswitch Jwl [3] req3; Dragon/Ironwall Jwl [3] req3; Dragon/Shield Jewel [3] req3","0","","0",""
"Dragon Resistance","3","armor-decoration","Dragon Res Jewel [1] req1","","0","","3","Dragon Charm I; Dragon Charm II; Dragon Charm III"
"Earplugs","3","armor-decoration","Earplugs Jewel [2] req2","","18","Artian Helm α; Commission Greaves α; Duna Wildhelm α; Duna Wildhelm β; G. Ebony Greaves α; G. Ebony Greaves β; G. Ebony Helm α; G. Ebony Mail α; G. Ebony Mail β; G. Seikret Coil α; G. Seikret Coil β; Rompopolo Greaves α; Rompopolo Vambraces α; Rompopolo Vambraces β; Xu Wu Coil α; Xu Wu Coil β; Xu Wu Vambraces α; Xu Wu Vambraces β","1","Earplugs Charm I"
"Ebony Odogaron's Power","2","no decoration found in scraped data","","","15","G. Ebony Braces; G. Ebony Braces α; G. Ebony Braces β; G. Ebony Coil; G. Ebony Coil α; G. Ebony Coil β; G. Ebony Greaves; G. Ebony Greaves α; G. Ebony Greaves β; G. Ebony Helm; G. Ebony Helm α; G. Ebony Helm β; G. Ebony Mail; G. Ebony Mail α; G. Ebony Mail β","0",""
"Elemental Absorption","3","no decoration found in scraped data","","","5","Arkvulcan Helm α; Arkvulcan Mail α; G. Arkveld Coil α; G. Arkveld Greaves α; G. Arkveld Greaves β","1","Imbibe Charm I"
"Entomologist","1","armor-decoration","Specimen Jewel [1] req1","","4","Bulaqchi Specs; Bulaqchi Specs α; Bulaqchi Specs β; Mimiphyta α","0",""
"Escape Artist Meal","","no decoration found in scraped data","","","0","","0",""
"Evade Extender","3","armor-decoration","Jumping Jewel [2] req2","","15","Balahara Coil; Balahara Coil α; Balahara Greaves; Balahara Greaves α; Balahara Greaves β; Balahara Vambraces; Balahara Vambraces α; Balahara Vambraces β; Butterfly Elytra α; Butterfly Thorax α; Butterfly Vertex α; Hirabami Headdress α; Quematrice Greaves α; Rey Sandhelm α; Rey Sandhelm β","3","Leaping Charm I; Leaping Charm II; Leaping Charm III"
"Evade Window","5","armor-decoration","Evasion Jewel [2] req2","","40","Balahara Coil α; Balahara Coil β; Balahara Helm α; Balahara Helm β; Barina Greaves α; Barina Greaves β; Barina Mail α; Barina Mail β; Butterfly Brachia α; Butterfly Crura α; Butterfly Elytra α; Butterfly Thorax α; Butterfly Vertex α; Gore Helm α; Gore Helm β; Gore Mail α; Gore Mail β; Gore Vambraces α; Gore Vambraces β; Hirabami Coil; Hirabami Coil α; Hirabami Coil β; Hirabami Greaves; Hirabami Headdress; Hirabami Headdress α; Hirabami Headdress β; Hirabami Mail; Hirabami Mail α; Hirabami Mail β; Hirabami Vambraces; Hirabami Vambraces α; Hirabami Vambraces β; Rathalos Coil α; Rathalos Greaves α; Rathalos Greaves β; Rathalos Helm α; Rathalos Helm β; Rathalos Vambraces α; Vespoid Coil α; Vespoid Mail α","3","Evasion Charm I; Evasion Charm II; Evasion Charm III"
"Exhaust Functionality","1","weapon-decoration","","Draincoat Jewel [2] req2","0","","0",""
"Exploiter Meal","","no decoration found in scraped data","","","0","","0",""
"Fire Attack","3","weapon-decoration","","Blaze Jewel [1] req1; Blaze Jewel II [2] req2; Blaze Jewel III [3] req3; Blaze/Guardian Jewel [3] req3; Blaze/Crit Elem Jwl [3] req3; Blaze/Handicraft Jwl [3] req3; Blaze/Rzr Sharp Jwl [3] req3; Blaze/Precise Jewel [3] req3; Blaze/Opener Jewel [3] req3; Blaze/Bandolier Jwl [3] req3; Blaze/Focus Jewel [3] req3; Blaze/Enhancer Jwl [3] req3; Blaze/KO Jewel [3] req3; Blaze/Quickswitch Jwl [3] req3; Blaze/Ironwall Jwl [3] req3; Blaze/Shield Jewel [3] req3","0","","0",""
"Fire Resistance","3","armor-decoration","Fire Res Jewel [1] req1","","8","Kut-Ku Helm α; Kut-Ku Mail α; Quematrice Braces α; Quematrice Coil; Quematrice Coil α; Quematrice Coil β; Quematrice Mail; Quematrice Mail α","3","Fire Charm I; Fire Charm II; Fire Charm III"
"Fisher Meal","","no decoration found in scraped data","","","0","","0",""
"Flayer","5","armor-decoration","Flayer Jewel [3] req3","","16","Artian Coil α; Artian Greaves α; Artian Helm α; Artian Mail α; Artian Vambraces α; G. Arkveld Coil α; G. Arkveld Coil β; G. Arkveld Helm; G. Arkveld Helm α; G. Arkveld Helm β; G. Arkveld Mail; G. Arkveld Mail α; G. Arkveld Mail β; G. Arkveld Vambraces; King Beetle Crura α; King Beetle Elytra α","2","Chainblade Charm I; Chainblade Charm II"
"Flexible Leathercraft","1","no decoration found in scraped data","","","41","Chatacabra Coil; Chatacabra Coil α; Chatacabra Greaves; Chatacabra Greaves α; Chatacabra Helm; Chatacabra Helm α; Chatacabra Mail; Chatacabra Mail α; Chatacabra Vambraces; Chatacabra Vambraces α; Gajau Boots; Gajau Boots α; Gypceros Coil α; Gypceros Greaves α; Gypceros Helm α; Gypceros Mail α; Gypceros Vambraces α; Piragill Greaves; Piragill Greaves α; Rompopolo Coil; Rompopolo Coil α; Rompopolo Greaves; Rompopolo Greaves α; Rompopolo Helm; Rompopolo Helm α; Rompopolo Mail; Rompopolo Mail α; Rompopolo Vambraces; Rompopolo Vambraces α; Talioth Vambraces; Talioth Vambraces α; Xu Wu Coil; Xu Wu Coil α; Xu Wu Greaves; Xu Wu Greaves α; Xu Wu Helm; Xu Wu Helm α; Xu Wu Mail; Xu Wu Mail α; Xu Wu Vambraces","0",""
"Flinch Free","3","armor-decoration","Brace Jewel [1] req1","","19","Alloy Greaves α; Alloy Mail α; Gore Greaves α; Gore Greaves β; Gravios Coil α; Gravios Coil β; Gravios Vambraces α; High Metal Greaves α; Kranodath Mail; Kranodath Mail α; Kranodath Mail β; Quematrice Braces; Quematrice Braces α; Quematrice Braces β; Quematrice Greaves; Quematrice Greaves α; Quematrice Greaves β; Quematrice Helm; Quematrice Helm α","3","Impact Charm I; Impact Charm II; Impact Charm III"
"Focus","3","weapon-decoration","","Focus Jewel [1] req1; Focus Jewel II [2] req2; Focus Jewel III [3] req3; Focus/Blaze Jewel [3] req3; Focus/Stream Jewel [3] req3; Focus/Frost Jewel [3] req3; Focus/Bolt Jwl [3] req3; Focus/Dragon Jewel [3] req3; Focus/Handicraft Jewel [3] req3; Focus/Precise Jewel [3] req3; Focus/KO Jewel [3] req3","0","","0",""
"Foray","5","armor-decoration","Foray Jewel [3] req3","","23","Barina Greaves α; Barina Headgear α; Barina Headgear β; Barina Vambraces α; Comaqchi Accessory α; Guild Ace Boots α; Guild Ace Coil α; Guild Ace Earrings α; Guild Ace Mail α; Guild Ace Vambraces α; King Beetle Brachia α; King Beetle Thorax α; King Beetle Vertex α; Rathian Coil α; Rathian Coil β; Rathian Greaves α; Rathian Greaves β; Rathian Mail α; Rathian Mail β; Rathian Vambraces α; Rathian Vambraces β; Rompopolo Coil α; Rompopolo Coil β","2","Foray Charm I; Foray Charm II"
"Fortifying Pelt","1","no decoration found in scraped data","","","41","Ajarakan Coil; Ajarakan Coil α; Ajarakan Greaves; Ajarakan Greaves α; Ajarakan Helm; Ajarakan Helm α; Ajarakan Mail; Ajarakan Mail α; Ajarakan Vambraces; Ajarakan Vambraces α; Arkvulcan Coil α; Arkvulcan Greaves α; Arkvulcan Helm α; Arkvulcan Mail α; Arkvulcan Vambraces α; Blango Coil α; Blango Greaves α; Blango Helm α; Blango Mail α; Blango Vambraces α; Conga Coil; Conga Coil α; Conga Greaves; Conga Greaves α; Conga Helm; Conga Helm α; Conga Mail; Conga Mail α; Conga Vambraces; Conga Vambraces α; Doshaguma Braces; Doshaguma Braces α; Doshaguma Coil; Doshaguma Coil α; Doshaguma Greaves; Doshaguma Greaves α; Doshaguma Helm; Doshaguma Helm α; Doshaguma Mail; Doshaguma Mail α","0",""
"Fortune Hunter Meal","","no decoration found in scraped data","","","0","","0",""
"Free Meal","3","armor-decoration","Satiated Jewel [1] req1","","11","Battle Vambraces α; Conga Coil α; Conga Helm α; Doshaguma Greaves; Doshaguma Greaves α; Doshaguma Greaves β; Doshaguma Helm; Doshaguma Helm α; Doshaguma Helm β; Doshaguma Mail; Kunafa Cloak α","3","Light Eater's Charm I; Light Eater's Charm II; Light Eater's Charm III"
"Fulgur Anjanath's Will","2","no decoration found in scraped data","","","10","G. Fulgur Coil α; G. Fulgur Coil β; G. Fulgur Greaves α; G. Fulgur Greaves β; G. Fulgur Helm α; G. Fulgur Helm β; G. Fulgur Mail α; G. Fulgur Mail β; G. Fulgur Vambraces α; G. Fulgur Vambraces β","0",""
"Gatherer Meal","","no decoration found in scraped data","","","0","","0",""
"Geologist","3","armor-decoration","Geology Jewel [1] req1","","11","Azuz Pants α; Balahara Greaves α; Balahara Helm α; Balahara Mail α; Balahara Mail β; Chainmail Armor α; Chainmail Gloves; Chainmail Gloves α; Chainmail Headgear; Chainmail Headgear α; Chainmail Vest","3","Geology Charm I; Geology Charm II; Geology Charm III"
"Gore Magala's Tyranny","2","no decoration found in scraped data","","","10","Gore Coil α; Gore Coil β; Gore Greaves α; Gore Greaves β; Gore Helm α; Gore Helm β; Gore Mail α; Gore Mail β; Gore Vambraces α; Gore Vambraces β","0",""
"Gravios's Protection","2","no decoration found in scraped data","","","10","Gravios Coil α; Gravios Coil β; Gravios Greaves α; Gravios Greaves β; Gravios Helm α; Gravios Helm β; Gravios Mail α; Gravios Mail β; Gravios Vambraces α; Gravios Vambraces β","0",""
"Guard","3","weapon-decoration","","Guardian Jewel [1] req1; Guardian Jewel II [2] req2; Guardian Jewel III [3] req3; Guardian/Blaze Jwl [3] req3; Guardian/Stream Jwl [3] req3; Guardian/Frost Jwl [3] req3; Guardian/Bolt Jwl [3] req3; Guardian/Dragon Jwl [3] req3; Guardian/Handicraft Jwl [3] req3; Guardian/Ironwall Jwl [3] req3; Ironwall Jewel [1] req1; Ironwall Jewel II [2] req2; Ironwall Jewel III [3] req3; Shield Jewel [1] req1; Shield Jewel II [2] req2; Shield Jewel III [3] req3; Shield/Blaze Jewel [3] req3; Shield/Stream Jewel [3] req3; Shield/Frost Jewel [3] req3; Shield/Bolt Jewel [3] req3; Shield/Dragon Jwl [3] req3; Shield/Handicraft Jwl [3] req3; Shield/Ironwall Jwl [3] req3","78","Artian Coil α; Artian Greaves α; Artian Helm α; Artian Mail α; Artian Vambraces α; G. Arkveld Coil; G. Arkveld Coil α; G. Arkveld Coil β; G. Arkveld Greaves; G. Arkveld Greaves α; G. Arkveld Greaves β; G. Arkveld Helm; G. Arkveld Helm α; G. Arkveld Helm β; G. Arkveld Mail; G. Arkveld Mail α; G. Arkveld Mail β; G. Arkveld Vambraces; G. Arkveld Vambraces α; G. Arkveld Vambraces β; G. Doshaguma Braces; G. Doshaguma Braces α; G. Doshaguma Braces β; G. Doshaguma Coil; G. Doshaguma Coil α; G. Doshaguma Coil β; G. Doshaguma Greaves; G. Doshaguma Greaves α; G. Doshaguma Greaves β; G. Doshaguma Helm; G. Doshaguma Helm α; G. Doshaguma Helm β; G. Doshaguma Mail; G. Doshaguma Mail α; G. Doshaguma Mail β; G. Ebony Braces; G. Ebony Braces α; G. Ebony Braces β; G. Ebony Coil; G. Ebony Coil α","0",""
"Guard Up","3","weapon-decoration","","Shield Jewel [1] req1; Shield Jewel II [2] req2; Shield Jewel III [3] req3; Shield/Blaze Jewel [3] req3; Shield/Stream Jewel [3] req3; Shield/Frost Jewel [3] req3; Shield/Bolt Jewel [3] req3; Shield/Dragon Jwl [3] req3; Shield/Handicraft Jwl [3] req3; Shield/Ironwall Jwl [3] req3","0","","0",""
"Guardian Arkveld's Vitality","2","no decoration found in scraped data","","","15","G. Arkveld Coil; G. Arkveld Coil α; G. Arkveld Coil β; G. Arkveld Greaves; G. Arkveld Greaves α; G. Arkveld Greaves β; G. Arkveld Helm; G. Arkveld Helm α; G. Arkveld Helm β; G. Arkveld Mail; G. Arkveld Mail α; G. Arkveld Mail β; G. Arkveld Vambraces; G. Arkveld Vambraces α; G. Arkveld Vambraces β","0",""
"Guardian's Protection","1","no decoration found in scraped data","","","31","Artian Coil α; Artian Greaves α; Artian Helm α; Artian Mail α; Artian Vambraces α; G. Arkveld Coil β; G. Arkveld Greaves β; G. Arkveld Helm β; G. Arkveld Mail β; G. Arkveld Vambraces β; G. Doshaguma Braces β; G. Doshaguma Coil β; G. Doshaguma Greaves β; G. Doshaguma Helm β; G. Doshaguma Mail β; G. Ebony Braces β; G. Ebony Coil β; G. Ebony Greaves β; G. Ebony Helm β; G. Ebony Mail β; G. Fulgur Coil β; G. Fulgur Greaves β; G. Fulgur Helm β; G. Fulgur Mail β; G. Fulgur Vambraces β; G. Rathalos Coil β; G. Rathalos Greaves β; G. Rathalos Helm β; G. Rathalos Mail β; G. Rathalos Vambraces β; G. Seikret Coil β","0",""
"Guardian's Pulse","1","no decoration found in scraped data","","","47","G. Arkveld Coil; G. Arkveld Coil α; G. Arkveld Greaves; G. Arkveld Greaves α; G. Arkveld Helm; G. Arkveld Helm α; G. Arkveld Mail; G. Arkveld Mail α; G. Arkveld Vambraces; G. Arkveld Vambraces α; G. Doshaguma Braces; G. Doshaguma Braces α; G. Doshaguma Coil; G. Doshaguma Coil α; G. Doshaguma Greaves; G. Doshaguma Greaves α; G. Doshaguma Helm; G. Doshaguma Helm α; G. Doshaguma Mail; G. Doshaguma Mail α; G. Ebony Braces; G. Ebony Braces α; G. Ebony Coil; G. Ebony Coil α; G. Ebony Greaves; G. Ebony Greaves α; G. Ebony Helm; G. Ebony Helm α; G. Ebony Mail; G. Ebony Mail α; G. Fulgur Coil α; G. Fulgur Greaves α; G. Fulgur Helm α; G. Fulgur Mail α; G. Fulgur Vambraces α; G. Rathalos Coil; G. Rathalos Coil α; G. Rathalos Greaves; G. Rathalos Greaves α; G. Rathalos Helm","0",""
"Handicraft","5","weapon-decoration","","Handicraft Jewel [1] req1; Handicraft Jewel II [2] req2; Handicraft Jwl III [3] req3","0","","0",""
"Hardy Meal","","no decoration found in scraped data","","","0","","0",""
"Heroics","5","armor-decoration","Potential Jewel [2] req2","","21","Azuz Apron α; G. Doshaguma Braces α; G. Doshaguma Braces β; G. Doshaguma Coil; G. Doshaguma Coil α; G. Doshaguma Coil β; G. Doshaguma Greaves α; G. Doshaguma Greaves β; G. Doshaguma Helm; G. Doshaguma Helm α; G. Doshaguma Helm β; G. Doshaguma Mail; King Beetle Brachia α; King Beetle Crura α; King Beetle Elytra α; King Beetle Thorax α; King Beetle Vertex α; Xu Wu Coil α; Xu Wu Coil β; Xu Wu Mail α; Xu Wu Mail β","3","Grit Charm I; Grit Charm II; Grit Charm III"
"Horn Maestro","2","weapon-decoration","","Sonorous Jewel [2] req2; Sonorous/Attack Jwl [3] req3; Sonorous/Expert Jwl [3] req3; Sonorous/Draw Jwl [3] req3; Sonorous/Handicraft Jwl [3] req3; Sonorous/KO Jewel [3] req3","0","","0",""
"Hunger Resistance","3","armor-decoration","Hungerless Jewel [1] req1","","8","Balahara Helm; Battle Mail α; G. Doshaguma Coil α; G. Doshaguma Helm α; Leather Belt α; Leather Gloves; Leather Gloves α; Leather Pants α","3","Hungerless Charm I; Hungerless Charm II; Hungerless Charm III"
"Ice Attack","3","weapon-decoration","","Frost Jewel [1] req1; Frost Jewel II [2] req2; Frost Jewel III [3] req3; Frost/Guardian Jwl [3] req3; Frost/Crit Elem Jwl [3] req3; Frost/Handicraft Jwl [3] req3; Frost/Rzr Sharp Jwl [3] req3; Frost/Precise Jewel [3] req3; Frost/Opener Jewel [3] req3; Frost/Bandolier Jwl [3] req3; Frost/Focus Jewel [3] req3; Frost/Enhancer Jwl [3] req3; Frost/KO Jewel [3] req3; Frost/Quickswitch Jwl [3] req3; Frost/Ironwall Jwl [3] req3; Frost/Shield Jewel [3] req3","0","","0",""
"Ice Resistance","3","armor-decoration","Ice Res Jewel [1] req1","","8","Chainmail Armor α; Chainmail Belt α; Hirabami Coil; Hirabami Greaves; Hirabami Greaves α; Hirabami Mail α; Hirabami Mail β; Hirabami Vambraces","3","Ice Charm I; Ice Charm II; Ice Charm III"
"Immunizer Meal","","no decoration found in scraped data","","","0","","0",""
"Imparted Wisdom","1","no decoration found in scraped data","","","40","Azuz Apron α; Azuz Headdress α; Azuz Pants α; Battle Coil α; Battle Greaves α; Battle Helm α; Battle Mail α; Battle Vambraces α; Butterfly Brachia α; Butterfly Crura α; Butterfly Elytra α; Butterfly Thorax α; Butterfly Vertex α; Death Stench Bowels α; Death Stench Brain α; Death Stench Grip α; Death Stench Heel α; Death Stench Muscle α; High Metal Braces α; High Metal Coil α; High Metal Greaves α; High Metal Helm α; High Metal Mail α; King Beetle Brachia α; King Beetle Crura α; King Beetle Elytra α; King Beetle Thorax α; King Beetle Vertex α; Kunafa Chaps α; Kunafa Cloak α; Kunafa Headgear α; Kunafa Sash α; Melahoa Branch α; Melahoa Folia α; Melahoa Hat α; Melahoa Jacket α; Melahoa Roots α; Sild Coat α; Sild Hood α; Suja Sash α","0",""
"Insurance Meal","","no decoration found in scraped data","","","0","","0",""
"Intimidator","3","armor-decoration","Intimidator Jewel [1] req1","","11","Conga Helm α; Conga Helm β; Conga Mail α; Conga Mail β; Death Stench Bowels α; G. Rathalos Coil; G. Rathalos Helm; G. Rathalos Mail; G. Rathalos Mail α; G. Rathalos Mail β; G. Rathalos Vambraces α","3","Intimidator Charm I; Intimidator Charm II; Intimidator Charm III"
"Iron Carver Meal","","no decoration found in scraped data","","","0","","0",""
"Iron Skin","3","armor-decoration","Def Lock Jewel [1] req1","","5","G. Doshaguma Braces α; G. Doshaguma Greaves; G. Doshaguma Mail; G. Doshaguma Mail α; High Metal Mail α","3","Guard Charm I; Guard Charm II; Guard Charm III"
"Item Prolonger","3","armor-decoration","Enduring Jewel [1] req1","","12","Battle Coil α; Blango Mail α; Chatacabra Coil α; Chatacabra Greaves; Chatacabra Greaves α; Chatacabra Vambraces; Chatacabra Vambraces α; Chatacabra Vambraces β; Damascus Greaves α; Doshaguma Coil; Leather Mail α; Leather Pants α","3","Extension Charm I; Extension Charm II; Extension Charm III"
"Jin Dahaad's Revolt","2","no decoration found in scraped data","","","10","Dahaad Shardbraces α; Dahaad Shardbraces β; Dahaad Shardcoil α; Dahaad Shardcoil β; Dahaad Shardgreaves α; Dahaad Shardgreaves β; Dahaad Shardhelm α; Dahaad Shardhelm β; Dahaad Shardmail α; Dahaad Shardmail β","0",""
"Jump Master","1","armor-decoration","Leap Jewel [1] req1","","3","G. Seikret Coil; G. Seikret Coil α; G. Seikret Coil β","0",""
"Latent Power","5","armor-decoration","Throttle Jewel [3] req3","","18","Doshaguma Coil α; Doshaguma Coil β; Doshaguma Mail α; Doshaguma Mail β; Quematrice Coil α; Quematrice Helm α; Quematrice Helm β; Quematrice Mail α; Quematrice Mail β; Rey Sandbraces; Rey Sandbraces α; Rey Sandbraces β; Rey Sandgreaves; Rey Sandgreaves α; Rey Sandgreaves β; Rey Sandhelm; Rey Sandhelm α; Rey Sandhelm β","2","Power Charm I; Power Charm II"
"Leap of Faith","1","armor-decoration","Dive Jewel [1] req1","","3","Talioth Vambraces; Talioth Vambraces α; Talioth Vambraces β","0",""
"Load Shells","2","weapon-decoration","","Magazine Jewel [1] req1; Magazine Jewel II [2] req2; Magazine/Attack Jwl [3] req3; Magazine/Expert Jwl [3] req3; Magazine/Draw Jwl [3] req3; Magazine/Handicraft Jwl [3] req3; Magazine/Ironwall Jwl [3] req3","0","","0",""
"Lord's Favor","1","no decoration found in scraped data","","","35","Dahaad Shardbraces α; Dahaad Shardcoil α; Dahaad Shardgreaves α; Dahaad Shardhelm α; Dahaad Shardmail α; Duna Coil; Duna Greaves; Duna Helm; Duna Mail; Duna Vambraces; Duna Wildbraces α; Duna Wildcoil α; Duna Wildgreaves α; Duna Wildhelm α; Duna Wildmail α; Rey Sandbraces; Rey Sandbraces α; Rey Sandcoil; Rey Sandcoil α; Rey Sandgreaves; Rey Sandgreaves α; Rey Sandhelm; Rey Sandhelm α; Rey Sandmail; Rey Sandmail α; Udra Mirebraces; Udra Mirebraces α; Udra Mirecoil; Udra Mirecoil α; Udra Miregreaves; Udra Miregreaves α; Udra Mirehelm; Udra Mirehelm α; Udra Miremail; Udra Miremail α","0",""
"Lord's Fury","1","no decoration found in scraped data","","","20","Dahaad Shardbraces β; Dahaad Shardcoil β; Dahaad Shardgreaves β; Dahaad Shardhelm β; Dahaad Shardmail β; Duna Wildbraces β; Duna Wildcoil β; Duna Wildgreaves β; Duna Wildhelm β; Duna Wildmail β; Rey Sandbraces β; Rey Sandcoil β; Rey Sandgreaves β; Rey Sandhelm β; Rey Sandmail β; Udra Mirebraces β; Udra Mirecoil β; Udra Miregreaves β; Udra Mirehelm β; Udra Miremail β","0",""
"Lucky Meal","","no decoration found in scraped data","","","0","","0",""
"Marathon Runner","3","armor-decoration","Sprinter Jewel [1] req1","","14","Battle Greaves α; Bone Coil; Bone Coil α; Bone Helm; Bone Mail; Bone Mail α; Bone Vambraces α; Dober Coil α; Dober Mail α; G. Doshaguma Braces; G. Doshaguma Coil; G. Doshaguma Greaves; Gypceros Greaves α; Gypceros Greaves β","3","Marathon Charm I; Marathon Charm II; Marathon Charm III"
"Master's Touch","1","weapon-decoration","","Mastery Jewel [3] req3","0","","0",""
"Maximum Might","3","armor-decoration","Mighty Jewel [2] req2","","13","Azuz Headdress α; Commission Helm α; G. Fulgur Coil α; G. Fulgur Mail α; G. Fulgur Mail β; G. Fulgur Vambraces α; G. Fulgur Vambraces β; Rey Sandgreaves α; Rey Sandmail α; Rey Sandmail β; Xu Wu Coil; Xu Wu Helm; Xu Wu Vambraces","2","Mighty Charm I; Mighty Charm II"
"Medic Meal","","no decoration found in scraped data","","","0","","0",""
"Mind's Eye","3","weapon-decoration","","Mind's Eye Jewel [1] req1; Mind's Eye Jewel II [2] req2; Mind's Eye Jwl III [3] req3","0","","0",""
"Moxie Meal (Hi)","","no decoration found in scraped data","","","0","","0",""
"Moxie Meal (Lo)","","no decoration found in scraped data","","","0","","0",""
"Mushroomancer","3","armor-decoration","Fungiform Jewel [2] req2","","10","Conga Coil α; Conga Coil β; Conga Greaves; Conga Greaves α; Conga Helm; Conga Mail; Conga Vambraces α; Conga Vambraces β; Dober Greaves α; Melahoa Roots α","3","Mushroom Charm I; Mushroom Charm II; Mushroom Charm III"
"Neopteron Alert","1","no decoration found in scraped data","","","34","Barina Coil; Barina Coil α; Barina Greaves; Barina Greaves α; Barina Headgear; Barina Headgear α; Barina Mail; Barina Mail α; Barina Vambraces; Barina Vambraces α; Bulaqchi Specs; Bulaqchi Specs α; Comaqchi Accessory; Comaqchi Accessory α; Nerscylla Coil; Nerscylla Coil α; Nerscylla Greaves; Nerscylla Greaves α; Nerscylla Helm; Nerscylla Helm α; Nerscylla Mail; Nerscylla Mail α; Nerscylla Vambraces; Nerscylla Vambraces α; Vespoid Coil; Vespoid Coil α; Vespoid Greaves; Vespoid Greaves α; Vespoid Helm; Vespoid Helm α; Vespoid Mail; Vespoid Mail α; Vespoid Vambraces; Vespoid Vambraces α","0",""
"Neopteron Camouflage","1","no decoration found in scraped data","","","17","Barina Coil β; Barina Greaves β; Barina Headgear β; Barina Mail β; Barina Vambraces β; Bulaqchi Specs β; Comaqchi Accessory β; Nerscylla Coil β; Nerscylla Greaves β; Nerscylla Helm β; Nerscylla Mail β; Nerscylla Vambraces β; Vespoid Coil β; Vespoid Greaves β; Vespoid Helm β; Vespoid Mail β; Vespoid Vambraces β","0",""
"Normal Shots","1","weapon-decoration","","Forceshot Jewel [3] req3","0","","0",""
"Nu Udra's Mutiny","2","no decoration found in scraped data","","","15","Udra Mirebraces; Udra Mirebraces α; Udra Mirebraces β; Udra Mirecoil; Udra Mirecoil α; Udra Mirecoil β; Udra Miregreaves; Udra Miregreaves α; Udra Miregreaves β; Udra Mirehelm; Udra Mirehelm α; Udra Mirehelm β; Udra Miremail; Udra Miremail α; Udra Miremail β","0",""
"Offensive Guard","3","weapon-decoration","","Guardian Jewel [1] req1; Guardian Jewel II [2] req2; Guardian Jewel III [3] req3; Guardian/Blaze Jwl [3] req3; Guardian/Stream Jwl [3] req3; Guardian/Frost Jwl [3] req3; Guardian/Bolt Jwl [3] req3; Guardian/Dragon Jwl [3] req3; Guardian/Handicraft Jwl [3] req3; Guardian/Ironwall Jwl [3] req3","0","","0",""
"Opening Shot","3","weapon-decoration","","Opener Jewel [1] req1; Opener Jewel II [2] req2; Opener Jewel III [3] req3; Opener/Blaze Jewel [3] req3; Opener/Stream Jwl [3] req3; Opener/Frost Jewel [3] req3; Opener/Bolt Jewel [3] req3; Opener/Dragon Jewel [3] req3; Opener/Precise Jewel [3] req3; Opener/Ironwall Jwl [3] req3","0","","0",""
"Outdoorsman","1","armor-decoration","Ranger Jewel [1] req1","","1","Gajau Boots α","0",""
"Palico Rally","5","no decoration found in scraped data","","","5","Blango Vambraces α; Kunafa Chaps α; Kunafa Cloak α; Kunafa Headgear α; Kunafa Sash α","0",""
"Para Functionality","1","weapon-decoration","","Paracoat Jewel [3] req3","0","","0",""
"Paralysis Attack","3","weapon-decoration","","Paralyzer Jewel [1] req1; Paralyzer Jewel II [2] req2; Paralyzer Jwl III [3] req3","0","","0",""
"Paralysis Resistance","3","armor-decoration","Antipara Jewel [1] req1","","15","Barina Coil α; Barina Coil β; Barina Headgear; Barina Headgear α; Barina Mail; King Beetle Elytra α; King Beetle Thorax α; Melahoa Branch α; Vespoid Coil; Vespoid Coil α; Vespoid Coil β; Vespoid Greaves α; Vespoid Vambraces; Vespoid Vambraces α; Vespoid Vambraces β","3","Paralysis Charm I; Paralysis Charm II; Paralysis Charm III"
"Partbreaker","3","armor-decoration","Destroyer Jewel [2] req2","","15","Ajarakan Coil α; Ajarakan Coil β; Ajarakan Greaves; Ajarakan Greaves α; Ajarakan Greaves β; Ajarakan Helm; Ajarakan Mail; Ajarakan Vambraces α; Ajarakan Vambraces β; G. Arkveld Helm α; G. Arkveld Helm β; High Metal Braces α; High Metal Helm α; High Metal Mail α; Kranodath Mail α","2","Breaker Charm I; Breaker Charm II"
"Peak Performance","5","armor-decoration","Flawless Jewel [2] req2","","25","Duna Greaves; Duna Helm; Duna Mail; Duna Wildbraces α; Duna Wildbraces β; Duna Wildcoil α; Duna Wildcoil β; Duna Wildgreaves α; Duna Wildgreaves β; Gravios Coil α; Gravios Coil β; Gravios Helm α; Gravios Helm β; Gravios Mail α; Gravios Mail β; Gravios Vambraces α; Gravios Vambraces β; Guild Ace Boots α; Guild Ace Coil α; Guild Ace Earrings α; Guild Ace Mail α; Guild Ace Vambraces α; Hirabami Greaves α; Hirabami Greaves β; Hirabami Vambraces α","2","Unscathed Charm I; Unscathed Charm II"
"Piercing Shots","1","weapon-decoration","","Pierce Jewel [3] req3","0","","0",""
"Piping-Hot Meal","","no decoration found in scraped data","","","0","","0",""
"Poison Attack","3","weapon-decoration","","Venom Jewel [1] req1; Venom Jewel II [2] req2; Venom Jewel III [3] req3","0","","0",""
"Poison Duration Up","1","weapon-decoration","","Poison Jewel [2] req2; Poison/Attack Jewel [3] req3; Poison/Expert Jwl [3] req3; Poison/Draw Jewel [3] req3; Poison/Handicraft Jwl [3] req3; Poison/Precise Jwl [3] req3; Poison/KO Jewel [3] req3; Poison/Ironwall Jwl [3] req3","0","","0",""
"Poison Functionality","1","weapon-decoration","","Poisoncoat Jewel [2] req2","0","","0",""
"Poison Resistance","3","armor-decoration","Antidote Jewel [1] req1","","14","Gypceros Mail α; Gypceros Vambraces α; Hope Mail α; King Beetle Brachia α; King Beetle Crura α; Melahoa Hat α; Nerscylla Helm α; Nerscylla Mail; Nerscylla Vambraces α; Rompopolo Coil; Rompopolo Mail α; Rompopolo Mail β; Rompopolo Vambraces; Rompopolo Vambraces α","3","Poison Charm I; Poison Charm II; Poison Charm III"
"Power Prolonger","3","weapon-decoration","","Enhancer Jewel [1] req1; Enhancer Jewel II [2] req2; Enhancer Jewel III [3] req3; Enhancer/Blaze Jewel [3] req3; Enhancer/Stream Jwl [3] req3; Enhancer/Frost Jwl [3] req3; Enhancer/Bolt Jewel [3] req3; Enhancer/Dragon Jwl [3] req3; Enhancer/Handicraft Jwl [3] req3","0","","0",""
"Protective Polish","3","weapon-decoration","","Sharp Jewel [1] req1; Sharp Jewel II [2] req2; Sharp Jewel III [3] req3","0","","0",""
"Punishing Draw","3","weapon-decoration","","Gambit Jewel [1] req1; Gambit Jewel II [2] req2; Gambit Jewel III [3] req3; Gambit/Handicraft Jwl [3] req3; Gambit/KO Jewel [3] req3; Gambit/Ironwall Jwl [3] req3","0","","0",""
"Quick Sheathe","3","armor-decoration","Sheath Jewel [1] req1","","11","Alloy Coil α; Alloy Greaves; Alloy Greaves α; Alloy Helm; Alloy Helm α; Arkvulcan Greaves α; Arkvulcan Greaves β; Balahara Mail; Commission Vambraces α; Duna Wildbraces α; Duna Wildbraces β","3","Sheathe Charm I; Sheathe Charm II; Sheathe Charm III"
"Rapid Fire Up","1","weapon-decoration","","Salvo Jewel [3] req3","0","","0",""
"Rapid Morph","3","weapon-decoration","","Quickswitch Jewel [1] req1; Quickswitch Jewel II [2] req2; Quickswitch Jewel III [3] req3; Quickswitch/Blaze Jwl [3] req3; Quickswitch/Stream Jwl [3] req3; Quickswitch/Frost Jwl [3] req3; Quickswitch/Bolt Jwl [3] req3; Quickswitch/Dragon Jwl [3] req3; Quickswitch/Handicraft Jwl [3] req3; Quickswitch/KO Jwl [3] req3; Quickswitch/Ironwall Jwl [3] req3","0","","0",""
"Rathalos's Flare","2","no decoration found in scraped data","","","25","G. Rathalos Coil; G. Rathalos Coil α; G. Rathalos Coil β; G. Rathalos Greaves; G. Rathalos Greaves α; G. Rathalos Greaves β; G. Rathalos Helm; G. Rathalos Helm α; G. Rathalos Helm β; G. Rathalos Mail; G. Rathalos Mail α; G. Rathalos Mail β; G. Rathalos Vambraces; G. Rathalos Vambraces α; G. Rathalos Vambraces β; Rathalos Coil α; Rathalos Coil β; Rathalos Greaves α; Rathalos Greaves β; Rathalos Helm α; Rathalos Helm β; Rathalos Mail α; Rathalos Mail β; Rathalos Vambraces α; Rathalos Vambraces β","0",""
"Razor Sharp","3","weapon-decoration","","Razor Sharp Jewel [1] req1; Razor Sharp Jewel II [2] req2; Rzr Sharp Jwl III [3] req3; Rzr Sharp/Blaze Jwl [3] req3; Rzr Sharp/Stream Jwl [3] req3; Rzr Sharp/Frost Jwl [3] req3; Rzr Sharp/Bolt Jwl [3] req3; Rzr Sharp/Dragon Jwl [3] req3; Rzr Sharp/Handicraft Jwl [3] req3; Razor Sharp/KO Jwl [3] req3; Rzr Sharp/Ironwall Jwl [3] req3","0","","0",""
"Recovery Speed","3","armor-decoration","Recovery Jewel [1] req1","","20","Arkvulcan Coil α; Arkvulcan Coil β; Arkvulcan Vambraces α; Butterfly Brachia α; Chainmail Belt; Chainmail Belt α; Chainmail Gloves α; Chainmail Pants; Chainmail Pants α; Doshaguma Braces; Gravios Greaves α; Gravios Greaves β; Gravios Mail α; Gravios Mail β; Hirabami Headdress; Hirabami Mail; Melahoa Branch α; Rathian Greaves α; Rathian Greaves β; Rathian Helm α","3","Speed Heal Charm I; Speed Heal Charm II; Speed Heal Charm III"
"Recovery Up","3","armor-decoration","Medicine Jewel [1] req1","","17","Barina Coil; Barina Greaves; Barina Mail α; Barina Mail β; Barina Vambraces; Barina Vambraces α; Barina Vambraces β; Butterfly Crura α; Damascus Coil α; Damascus Mail α; Doshaguma Greaves α; Doshaguma Greaves β; Kut-Ku Coil α; Kut-Ku Coil β; Kut-Ku Greaves α; Kut-Ku Greaves β; Melahoa Folia α","4","Hope Charm; Recovery Charm I; Recovery Charm II; Recovery Charm III"
"Resentment","5","armor-decoration","Furor Jewel [2] req2","","29","Ajarakan Greaves α; Ajarakan Helm α; Ajarakan Helm β; Ajarakan Mail α; Ajarakan Mail β; Death Stench Bowels α; Death Stench Brain α; Death Stench Grip α; Death Stench Heel α; Death Stench Muscle α; Gypceros Coil α; Gypceros Greaves α; Gypceros Greaves β; Gypceros Vambraces α; Gypceros Vambraces β; Ingot Coil α; Ingot Greaves α; Ingot Helm α; Ingot Mail α; Ingot Vambraces α; Udra Mirecoil; Udra Mirecoil α; Udra Mirecoil β; Udra Mirehelm; Udra Mirehelm α; Udra Mirehelm β; Udra Miremail; Udra Miremail α; Udra Miremail β","2","Fury Charm I; Fury Charm II"
"Rey Dau's Voltage","2","no decoration found in scraped data","","","15","Rey Sandbraces; Rey Sandbraces α; Rey Sandbraces β; Rey Sandcoil; Rey Sandcoil α; Rey Sandcoil β; Rey Sandgreaves; Rey Sandgreaves α; Rey Sandgreaves β; Rey Sandhelm; Rey Sandhelm α; Rey Sandhelm β; Rey Sandmail; Rey Sandmail α; Rey Sandmail β","0",""
"Rider Meal","","no decoration found in scraped data","","","0","","0",""
"Riser Meal","","no decoration found in scraped data","","","0","","0",""
"Scale Layering","1","no decoration found in scraped data","","","41","Balahara Coil β; Balahara Greaves β; Balahara Helm β; Balahara Mail β; Balahara Vambraces β; Gore Coil β; Gore Greaves β; Gore Helm β; Gore Mail β; Gore Vambraces β; Gravios Coil β; Gravios Greaves β; Gravios Helm β; Gravios Mail β; Gravios Vambraces β; Hirabami Coil β; Hirabami Greaves β; Hirabami Headdress β; Hirabami Mail β; Hirabami Vambraces β; Kranodath Mail β; Kut-Ku Coil β; Kut-Ku Greaves β; Kut-Ku Helm β; Kut-Ku Mail β; Kut-Ku Vambraces β; Quematrice Braces β; Quematrice Coil β; Quematrice Greaves β; Quematrice Helm β; Quematrice Mail β; Rathalos Coil β; Rathalos Greaves β; Rathalos Helm β; Rathalos Mail β; Rathalos Vambraces β; Rathian Coil β; Rathian Greaves β; Rathian Helm β; Rathian Mail β","0",""
"Scaling Prowess","1","no decoration found in scraped data","","","57","Balahara Coil; Balahara Coil α; Balahara Greaves; Balahara Greaves α; Balahara Helm; Balahara Helm α; Balahara Mail; Balahara Mail α; Balahara Vambraces; Balahara Vambraces α; Gore Coil α; Gore Greaves α; Gore Helm α; Gore Mail α; Gore Vambraces α; Gravios Coil α; Gravios Greaves α; Gravios Helm α; Gravios Mail α; Gravios Vambraces α; Hirabami Coil; Hirabami Coil α; Hirabami Greaves; Hirabami Greaves α; Hirabami Headdress; Hirabami Headdress α; Hirabami Mail; Hirabami Mail α; Hirabami Vambraces; Hirabami Vambraces α; Kranodath Mail; Kranodath Mail α; Kut-Ku Coil α; Kut-Ku Greaves α; Kut-Ku Helm α; Kut-Ku Mail α; Kut-Ku Vambraces α; Quematrice Braces; Quematrice Braces α; Quematrice Coil","0",""
"Self-Improvement","1","armor-decoration","Growth Jewel [1] req1","","0","","1","Hope Charm"
"Shock Absorber","1","armor-decoration","Shockproof Jewel [1] req1","","0","","0",""
"Sizzling Meal","","no decoration found in scraped data","","","0","","0",""
"Sleep Attack","3","weapon-decoration","","Sleep Jewel [1] req1; Sleep Jewel II [2] req2; Sleep Jewel III [3] req3","0","","0",""
"Sleep Functionality","1","weapon-decoration","","Sleepcoat Jewel [3] req3","0","","0",""
"Sleep Resistance","3","armor-decoration","Pep Jewel [1] req1","","10","Battle Mail α; Comaqchi Accessory; Comaqchi Accessory α; Comaqchi Accessory β; Hope Vambraces α; King Beetle Vertex α; Nerscylla Coil; Nerscylla Coil α; Nerscylla Greaves α; Nerscylla Greaves β","3","Sleep Charm I; Sleep Charm II; Sleep Charm III"
"Slugger","3","weapon-decoration","","KO Jewel [1] req1; KO Jewel II [2] req2; KO Jewel III [3] req3","0","","0",""
"Special Ammo Boost","2","weapon-decoration","","Trueshot Jewel [1] req1; Trueshot Jewel II [2] req2","0","","0",""
"Specialist Meal","","no decoration found in scraped data","","","0","","0",""
"Speed Eating","3","armor-decoration","Gobbler Jewel [1] req1","","19","Bone Helm α; Bone Vambraces α; Chatacabra Coil; Chatacabra Coil α; Chatacabra Coil β; Chatacabra Helm; Chatacabra Helm α; Chatacabra Helm β; Chatacabra Mail; Chatacabra Mail α; Chatacabra Mail β; Conga Vambraces α; Kunafa Sash α; Udra Mirebraces; Udra Mirebraces α; Udra Mirebraces β; Udra Mirecoil α; Udra Miregreaves; Udra Miremail","3","Glutton's Charm I; Glutton's Charm II; Glutton's Charm III"
"Speed Sharpening","2","weapon-decoration","","Grinder Jewel [1] req1; Grinder Jewel II [2] req2; Grinder/Attack Jewel [3] req3; Grinder/Expert Jewel [3] req3; Grinder/Draw Jewel [3] req3; Grinder/Handicraft Jwl [3] req3; Grinder/KO Jewel [3] req3; Grinder/Ironwall Jewel [3] req3","0","","0",""
"Spread/Power Shots","1","weapon-decoration","","Spread Jewel [3] req3","0","","0",""
"Stamina Surge","3","armor-decoration","Refresh Jewel [2] req2","","25","Balahara Mail α; Balahara Vambraces α; Battle Helm α; Dober Helm α; Dober Vambraces α; Doshaguma Braces α; Doshaguma Braces β; Doshaguma Mail α; G. Fulgur Coil α; G. Fulgur Coil β; G. Fulgur Greaves α; G. Fulgur Greaves β; Gypceros Coil α; Gypceros Coil β; Gypceros Helm α; Gypceros Helm β; Gypceros Mail α; Gypceros Mail β; Rey Sandcoil α; Rey Sandcoil β; Rey Sandmail α; Rey Sandmail β; Xu Wu Coil; Xu Wu Greaves; Xu Wu Mail","3","Surge Charm I; Surge Charm II; Surge Charm III"
"Stamina Thief","3","weapon-decoration","","Drain Jewel [1] req1; Drain Jewel II [2] req2; Drain Jewel III [3] req3","0","","0",""
"Stench Resistance","2","armor-decoration","Perfume Jewel [1] req1","","2","Conga Coil; Conga Vambraces","0",""
"Stun Resistance","3","armor-decoration","Steadfast Jewel [1] req1","","20","Bone Greaves; Bone Greaves α; Bone Helm α; Bone Mail α; Bone Vambraces; Death Stench Heel α; Doshaguma Braces α; Doshaguma Braces β; Doshaguma Helm α; Doshaguma Helm β; High Metal Helm α; Hope Coil; Hope Coil α; Hope Greaves α; Hope Mask; Ingot Vambraces; Ingot Vambraces α; Rey Sandbraces α; Rey Sandcoil α; Rey Sandcoil β","3","Stun Charm I; Stun Charm II; Stun Charm III"
"Survival Expert","3","armor-decoration","Survival Jewel [1] req1","","12","G. Rathalos Helm α; G. Rathalos Vambraces α; Melahoa Hat α; Vespoid Greaves; Vespoid Greaves α; Vespoid Greaves β; Vespoid Helm; Vespoid Helm α; Vespoid Helm β; Vespoid Mail; Vespoid Mail α; Vespoid Mail β","3","Survival Charm I; Survival Charm II; Survival Charm III"
"Swimmer Meal","","no decoration found in scraped data","","","0","","0",""
"Tetrad Shot","3","weapon-decoration","","Bandolier Jewel [1] req1; Bandolier Jewel II [2] req2; Bandolier Jewel III [3] req3; Bandolier/Blaze Jwl [3] req3; Bandolier/Stream Jwl [3] req3; Bandolier/Frost Jwl [3] req3; Bandolier/Bolt Jwl [3] req3; Bandolier/Dragon Jwl [3] req3; Bandolier/Precise Jwl [3] req3; Bandolier/Ironwall Jwl [3] req3","0","","0",""
"Thunder Attack","3","weapon-decoration","","Bolt Jewel [1] req1; Bolt Jewel II [2] req2; Bolt Jewel III [3] req3; Bolt/Guardian Jwl [3] req3; Bolt/Crit Elem Jwl [3] req3; Bolt/Handicraft Jwl [3] req3; Bolt/Rzr Sharp Jwl [3] req3; Bolt/Precise Jewel [3] req3; Bolt/Opener Jewel [3] req3; Bolt/Bandolier Jwl [3] req3; Bolt/Focus Jewel [3] req3; Bolt/Enhancer Jwl [3] req3; Bolt/KO Jewel [3] req3; Bolt/Quickswitch Jwl [3] req3; Bolt/Ironwall Jewel [3] req3; Bolt/Shield Jewel [3] req3","0","","0",""
"Thunder Resistance","3","armor-decoration","Thunder Res Jewel [1] req1","","0","","3","Thunder Charm I; Thunder Charm II; Thunder Charm III"
"Tool Specialist","5","armor-decoration","Maintenance Jewel [2] req2","","11","Commission Coil α; Duna Coil; Duna Helm; Duna Vambraces; Duna Wildgreaves α; Duna Wildhelm α; Duna Wildhelm β; Duna Wildmail α; Duna Wildmail β; Melahoa Jacket α; Rathian Coil α","3","Maintenance Charm I; Maintenance Charm II; Maintenance Charm III"
"Top Cat Meal","","no decoration found in scraped data","","","0","","0",""
"Trainer Meal","","no decoration found in scraped data","","","0","","0",""
"Tremor Resistance","3","armor-decoration","Footing Jewel [1] req1","","12","Alloy Coil; Alloy Coil α; Alloy Mail; Alloy Vambraces; Alloy Vambraces α; Artian Greaves α; Dahaad Shardcoil α; Dahaad Shardcoil β; Dahaad Shardgreaves α; Gravios Greaves α; Gravios Greaves β; Gravios Helm α","3","Tremor Charm I; Tremor Charm II; Tremor Charm III"
"Tumbler Meal (Hi)","","no decoration found in scraped data","","","0","","0",""
"Tumbler Meal (Lo)","","no decoration found in scraped data","","","0","","0",""
"Uth Duna's Cover","2","no decoration found in scraped data","","","15","Duna Coil; Duna Greaves; Duna Helm; Duna Mail; Duna Vambraces; Duna Wildbraces α; Duna Wildbraces β; Duna Wildcoil α; Duna Wildcoil β; Duna Wildgreaves α; Duna Wildgreaves β; Duna Wildhelm α; Duna Wildhelm β; Duna Wildmail α; Duna Wildmail β","0",""
"Water Attack","3","weapon-decoration","","Stream Jewel [1] req1; Stream Jewel II [2] req2; Stream Jewel III [3] req3; Stream/Guardian Jwl [3] req3; Stream/Crit Elem Jwl [3] req3; Stream/Handicraft Jwl [3] req3; Stream/Rzr Sharp Jwl [3] req3; Stream/Precise Jewel [3] req3; Stream/Opener Jwl [3] req3; Stream/Bandolier Jwl [3] req3; Stream/Focus Jewel [3] req3; Stream/Enhancer Jwl [3] req3; Stream/KO Jewel [3] req3; Stream/Quickswitch Jwl [3] req3; Stream/Ironwall Jwl [3] req3; Stream/Shield Jewel [3] req3","0","","0",""
"Water Resistance","3","armor-decoration","Water Res Jewel [1] req1","","4","Gajau Boots; Gajau Boots α; Piragill Greaves; Piragill Greaves α","3","Water Charm I; Water Charm II; Water Charm III"
"Weakness Exploit","5","armor-decoration","Tenderizer Jewel [3] req3","","28","Arkvulcan Coil α; Arkvulcan Coil β; Arkvulcan Mail α; Arkvulcan Mail β; Bulaqchi Specs α; Chatacabra Greaves α; Chatacabra Greaves β; Chatacabra Mail α; Dahaad Shardcoil α; Dahaad Shardcoil β; Dahaad Shardhelm α; G. Arkveld Greaves α; G. Arkveld Greaves β; G. Arkveld Vambraces α; G. Arkveld Vambraces β; G. Rathalos Coil α; G. Rathalos Greaves; G. Rathalos Greaves α; G. Rathalos Greaves β; G. Rathalos Helm; G. Rathalos Helm α; G. Rathalos Helm β; G. Rathalos Mail α; G. Rathalos Mail β; G. Rathalos Vambraces; G. Rathalos Vambraces α; G. Rathalos Vambraces β; Nerscylla Mail α","2","Exploiter Charm I; Exploiter Charm II"
"Wide-Range","5","armor-decoration","Friendship Jewel [1] req1","","24","Blango Coil α; Blango Helm α; Blango Helm β; Chatacabra Helm α; Chatacabra Vambraces α; Damascus Coil α; Damascus Greaves α; Damascus Helm α; Damascus Mail α; Damascus Vambraces α; Kunafa Chaps α; Kunafa Headgear α; Rompopolo Coil; Rompopolo Coil α; Rompopolo Greaves; Rompopolo Greaves α; Rompopolo Greaves β; Rompopolo Helm; Rompopolo Helm α; Rompopolo Helm β; Rompopolo Mail; Rompopolo Mail α; Rompopolo Vambraces; Sild Coat α","4","Friendship Charm I; Friendship Charm II; Friendship Charm III; Friendship Charm IV"
"Windproof","3","armor-decoration","Wind Resist Jewel [1] req1","","11","Artian Coil α; G. Rathalos Coil α; G. Rathalos Coil β; G. Rathalos Greaves α; G. Rathalos Greaves β; Ingot Greaves; Ingot Greaves α; Ingot Mail; Ingot Mail α; Udra Miregreaves α; Udra Miregreaves β","3","Windproof Charm I; Windproof Charm II; Windproof Charm III"
"Xu Wu's Vigor","2","no decoration found in scraped data","","","10","Xu Wu Coil α; Xu Wu Coil β; Xu Wu Greaves α; Xu Wu Greaves β; Xu Wu Helm α; Xu Wu Helm β; Xu Wu Mail α; Xu Wu Mail β; Xu Wu Vambraces α; Xu Wu Vambraces β","0",""
